EvolutionID,SourceID,Materials,Price,Currency,Price2,Currency2,TargetID,TargetLevel,TalentRequirement
1,CANNON_R1_E1,CANNON_R1_E1,9000,SC_ITEM,10,SC_EVOLVE_R1,CANNON_R1_E2,1,
2,CANNON_R1_E2,CANNON_R1_E1,10000,SC_ITEM,20,SC_EVOLVE_R1,CANNON_R1_E3,1,
3,CANNON_R1_E3,CANNON_R1_E1,12000,SC_ITEM,30,SC_EVOLVE_R1,CANNON_R1_E4,1,
4,CANNON_R1_E4,CANNON_R1_E1,CANNON_R1_E1,14000,SC_ITEM,40,SC_EVOLVE_R1,CANNON_R1_E5,1
6,CANNON_R2_E1,CANNON_R2_E1,12000,SC_ITEM,10,SC_EVOLVE_R2,CANNON_R2_E2,1,
7,CANNON_R2_E2,CANNON_R2_E1,20000,SC_ITEM,20,SC_EVOLVE_R2,CANNON_R2_E3,1,
8,CANNON_R2_E3,CANNON_R2_E1,70000,SC_ITEM,30,SC_EVOLVE_R2,CANNON_R2_E4,1,
9,CANNON_R2_E4,CANNON_R2_E1,CANNON_R2_E1,140000,SC_ITEM,40,SC_EVOLVE_R2,CANNON_R2_E5,1
11,CANNON_R3_E1,CANNON_R3_E1,55000,SC_ITEM,10,SC_EVOLVE_R3,CANNON_R3_E2,1,
12,CANNON_R3_E2,CANNON_R3_E1,137000,SC_ITEM,20,SC_EVOLVE_R3,CANNON_R3_E3,1,
13,CANNON_R3_E3,CANNON_R3_E1,364000,SC_ITEM,30,SC_EVOLVE_R3,CANNON_R3_E4,1,
14,CANNON_R3_E4,CANNON_R3_E1,CANNON_R3_E1,683000,SC_ITEM,40,SC_EVOLVE_R3,CANNON_R3_E5,1
16,CANNON_R4_E1,CANNON_R4_E1,125000,SC_ITEM,10,SC_EVOLVE_R4,CANNON_R4_E2,1,
17,CANNON_R4_E2,CANNON_R4_E1,375000,SC_ITEM,20,SC_EVOLVE_R4,CANNON_R4_E3,1,
18,CANNON_R4_E3,CANNON_R4_E1,661000,SC_ITEM,30,SC_EVOLVE_R4,CANNON_R4_E4,1,
19,CANNON_R4_E4,CANNON_R4_E1,CANNON_R4_E1,1124000,SC_ITEM,40,SC_EVOLVE_R4,CANNON_R4_E5,1
21,CANNON_R5_E1,CANNON_R5_E1,1390000,SC_ITEM,10,SC_EVOLVE_R5,CANNON_R5_E2,1,
22,CANNON_R5_E2,CANNON_R5_E1,1640000,SC_ITEM,20,SC_EVOLVE_R5,CANNON_R5_E3,1,
23,CANNON_R5_E3,CANNON_R5_E1,1860000,SC_ITEM,30,SC_EVOLVE_R5,CANNON_R5_E4,1,
24,CANNON_R5_E4,CANNON_R5_E1,CANNON_R5_E1,2000000,SC_ITEM,40,SC_EVOLVE_R5,CANNON_R5_E5,1
25,CANNON_BLAST_R1_E1,CANNON_BLAST_R1_E1,9000,SC_ITEM,10,SC_EVOLVE_R1,CANNON_BLAST_R1_E2,1,
26,CANNON_BLAST_R1_E2,CANNON_BLAST_R1_E1,10000,SC_ITEM,20,SC_EVOLVE_R1,CANNON_BLAST_R1_E3,1,
27,CANNON_BLAST_R1_E3,CANNON_BLAST_R1_E1,12000,SC_ITEM,30,SC_EVOLVE_R1,CANNON_BLAST_R1_E4,1,
28,CANNON_BLAST_R1_E4,CANNON_BLAST_R1_E1,CANNON_BLAST_R1_E1,14000,SC_ITEM,40,SC_EVOLVE_R1,CANNON_BLAST_R1_E5,1
30,CANNON_BLAST_R2_E1,CANNON_BLAST_R2_E1,12000,SC_ITEM,10,SC_EVOLVE_R2,CANNON_BLAST_R2_E2,1,
31,CANNON_BLAST_R2_E2,CANNON_BLAST_R2_E1,20000,SC_ITEM,20,SC_EVOLVE_R2,CANNON_BLAST_R2_E3,1,
32,CANNON_BLAST_R2_E3,CANNON_BLAST_R2_E1,70000,SC_ITEM,30,SC_EVOLVE_R2,CANNON_BLAST_R2_E4,1,
33,CANNON_BLAST_R2_E4,CANNON_BLAST_R2_E1,CANNON_BLAST_R2_E1,140000,SC_ITEM,40,SC_EVOLVE_R2,CANNON_BLAST_R2_E5,1
35,CANNON_BLAST_R3_E1,CANNON_BLAST_R3_E1,55000,SC_ITEM,10,SC_EVOLVE_R3,CANNON_BLAST_R3_E2,1,
36,CANNON_BLAST_R3_E2,CANNON_BLAST_R3_E1,137000,SC_ITEM,20,SC_EVOLVE_R3,CANNON_BLAST_R3_E3,1,
37,CANNON_BLAST_R3_E3,CANNON_BLAST_R3_E1,364000,SC_ITEM,30,SC_EVOLVE_R3,CANNON_BLAST_R3_E4,1,
38,CANNON_BLAST_R3_E4,CANNON_BLAST_R3_E1,CANNON_BLAST_R3_E1,683000,SC_ITEM,40,SC_EVOLVE_R3,CANNON_BLAST_R3_E5,1
40,CANNON_BLAST_R4_E1,CANNON_BLAST_R4_E1,125000,SC_ITEM,10,SC_EVOLVE_R4,CANNON_BLAST_R4_E2,1,
41,CANNON_BLAST_R4_E2,CANNON_BLAST_R4_E1,375000,SC_ITEM,20,SC_EVOLVE_R4,CANNON_BLAST_R4_E3,1,
42,CANNON_BLAST_R4_E3,CANNON_BLAST_R4_E1,661000,SC_ITEM,30,SC_EVOLVE_R4,CANNON_BLAST_R4_E4,1,
43,CANNON_BLAST_R4_E4,CANNON_BLAST_R4_E1,CANNON_BLAST_R4_E1,1124000,SC_ITEM,40,SC_EVOLVE_R4,CANNON_BLAST_R4_E5,1
45,CANNON_BLAST_R5_E1,CANNON_BLAST_R5_E1,1390000,SC_ITEM,10,SC_EVOLVE_R5,CANNON_BLAST_R5_E2,1,
46,CANNON_BLAST_R5_E2,CANNON_BLAST_R5_E1,1640000,SC_ITEM,20,SC_EVOLVE_R5,CANNON_BLAST_R5_E3,1,
47,CANNON_BLAST_R5_E3,CANNON_BLAST_R5_E1,1860000,SC_ITEM,30,SC_EVOLVE_R5,CANNON_BLAST_R5_E4,1,
48,CANNON_BLAST_R5_E4,CANNON_BLAST_R5_E1,CANNON_BLAST_R5_E1,2000000,SC_ITEM,40,SC_EVOLVE_R5,CANNON_BLAST_R5_E5,1
49,CANNON_SNIPER_R1_E1,CANNON_SNIPER_R1_E1,9000,SC_ITEM,10,SC_EVOLVE_R1,CANNON_SNIPER_R1_E2,1,
50,CANNON_SNIPER_R1_E2,CANNON_SNIPER_R1_E1,10000,SC_ITEM,20,SC_EVOLVE_R1,CANNON_SNIPER_R1_E3,1,
51,CANNON_SNIPER_R1_E3,CANNON_SNIPER_R1_E1,12000,SC_ITEM,30,SC_EVOLVE_R1,CANNON_SNIPER_R1_E4,1,
52,CANNON_SNIPER_R1_E4,CANNON_SNIPER_R1_E1,CANNON_SNIPER_R1_E1,14000,SC_ITEM,40,SC_EVOLVE_R1,CANNON_SNIPER_R1_E5,1
54,CANNON_SNIPER_R2_E1,CANNON_SNIPER_R2_E1,12000,SC_ITEM,10,SC_EVOLVE_R2,CANNON_SNIPER_R2_E2,1,
55,CANNON_SNIPER_R2_E2,CANNON_SNIPER_R2_E1,20000,SC_ITEM,20,SC_EVOLVE_R2,CANNON_SNIPER_R2_E3,1,
56,CANNON_SNIPER_R2_E3,CANNON_SNIPER_R2_E1,70000,SC_ITEM,30,SC_EVOLVE_R2,CANNON_SNIPER_R2_E4,1,
57,CANNON_SNIPER_R2_E4,CANNON_SNIPER_R2_E1,CANNON_SNIPER_R2_E1,140000,SC_ITEM,40,SC_EVOLVE_R2,CANNON_SNIPER_R2_E5,1
59,CANNON_SNIPER_R3_E1,CANNON_SNIPER_R3_E1,55000,SC_ITEM,10,SC_EVOLVE_R3,CANNON_SNIPER_R3_E2,1,
60,CANNON_SNIPER_R3_E2,CANNON_SNIPER_R3_E1,137000,SC_ITEM,20,SC_EVOLVE_R3,CANNON_SNIPER_R3_E3,1,
61,CANNON_SNIPER_R3_E3,CANNON_SNIPER_R3_E1,364000,SC_ITEM,30,SC_EVOLVE_R3,CANNON_SNIPER_R3_E4,1,
62,CANNON_SNIPER_R3_E4,CANNON_SNIPER_R3_E1,CANNON_SNIPER_R3_E1,683000,SC_ITEM,40,SC_EVOLVE_R3,CANNON_SNIPER_R3_E5,1
64,CANNON_SNIPER_R4_E1,CANNON_SNIPER_R4_E1,125000,SC_ITEM,10,SC_EVOLVE_R4,CANNON_SNIPER_R4_E2,1,
65,CANNON_SNIPER_R4_E2,CANNON_SNIPER_R4_E1,375000,SC_ITEM,20,SC_EVOLVE_R4,CANNON_SNIPER_R4_E3,1,
66,CANNON_SNIPER_R4_E3,CANNON_SNIPER_R4_E1,661000,SC_ITEM,30,SC_EVOLVE_R4,CANNON_SNIPER_R4_E4,1,
67,CANNON_SNIPER_R4_E4,CANNON_SNIPER_R4_E1,CANNON_SNIPER_R4_E1,1124000,SC_ITEM,40,SC_EVOLVE_R4,CANNON_SNIPER_R4_E5,1
69,CANNON_SNIPER_R5_E1,CANNON_SNIPER_R5_E1,1390000,SC_ITEM,10,SC_EVOLVE_R5,CANNON_SNIPER_R5_E2,1,
70,CANNON_SNIPER_R5_E2,CANNON_SNIPER_R5_E1,1640000,SC_ITEM,20,SC_EVOLVE_R5,CANNON_SNIPER_R5_E3,1,
71,CANNON_SNIPER_R5_E3,CANNON_SNIPER_R5_E1,1860000,SC_ITEM,30,SC_EVOLVE_R5,CANNON_SNIPER_R5_E4,1,
72,CANNON_SNIPER_R5_E4,CANNON_SNIPER_R5_E1,CANNON_SNIPER_R5_E1,2000000,SC_ITEM,40,SC_EVOLVE_R5,CANNON_SNIPER_R5_E5,1
73,CARRONADE_R1_E1,CARRONADE_R1_E1,9000,SC_ITEM,10,SC_EVOLVE_R1,CARRONADE_R1_E2,1,
74,CARRONADE_R1_E2,CARRONADE_R1_E1,10000,SC_ITEM,20,SC_EVOLVE_R1,CARRONADE_R1_E3,1,
75,CARRONADE_R1_E3,CARRONADE_R1_E1,12000,SC_ITEM,30,SC_EVOLVE_R1,CARRONADE_R1_E4,1,
76,CARRONADE_R1_E4,CARRONADE_R1_E1,CARRONADE_R1_E1,14000,SC_ITEM,40,SC_EVOLVE_R1,CARRONADE_R1_E5,1
78,CARRONADE_R2_E1,CARRONADE_R2_E1,12000,SC_ITEM,10,SC_EVOLVE_R2,CARRONADE_R2_E2,1,
79,CARRONADE_R2_E2,CARRONADE_R2_E1,20000,SC_ITEM,20,SC_EVOLVE_R2,CARRONADE_R2_E3,1,
80,CARRONADE_R2_E3,CARRONADE_R2_E1,70000,SC_ITEM,30,SC_EVOLVE_R2,CARRONADE_R2_E4,1,
81,CARRONADE_R2_E4,CARRONADE_R2_E1,CARRONADE_R2_E1,140000,SC_ITEM,40,SC_EVOLVE_R2,CARRONADE_R2_E5,1
83,CARRONADE_R3_E1,CARRONADE_R3_E1,55000,SC_ITEM,10,SC_EVOLVE_R3,CARRONADE_R3_E2,1,
84,CARRONADE_R3_E2,CARRONADE_R3_E1,137000,SC_ITEM,20,SC_EVOLVE_R3,CARRONADE_R3_E3,1,
85,CARRONADE_R3_E3,CARRONADE_R3_E1,364000,SC_ITEM,30,SC_EVOLVE_R3,CARRONADE_R3_E4,1,
86,CARRONADE_R3_E4,CARRONADE_R3_E1,CARRONADE_R3_E1,683000,SC_ITEM,40,SC_EVOLVE_R3,CARRONADE_R3_E5,1
88,CARRONADE_R4_E1,CARRONADE_R4_E1,125000,SC_ITEM,10,SC_EVOLVE_R4,CARRONADE_R4_E2,1,
89,CARRONADE_R4_E2,CARRONADE_R4_E1,375000,SC_ITEM,20,SC_EVOLVE_R4,CARRONADE_R4_E3,1,
90,CARRONADE_R4_E3,CARRONADE_R4_E1,661000,SC_ITEM,30,SC_EVOLVE_R4,CARRONADE_R4_E4,1,
91,CARRONADE_R4_E4,CARRONADE_R4_E1,CARRONADE_R4_E1,1124000,SC_ITEM,40,SC_EVOLVE_R4,CARRONADE_R4_E5,1
93,CARRONADE_R5_E1,CARRONADE_R5_E1,1390000,SC_ITEM,10,SC_EVOLVE_R5,CARRONADE_R5_E2,1,
94,CARRONADE_R5_E2,CARRONADE_R5_E1,1640000,SC_ITEM,20,SC_EVOLVE_R5,CARRONADE_R5_E3,1,
95,CARRONADE_R5_E3,CARRONADE_R5_E1,1860000,SC_ITEM,30,SC_EVOLVE_R5,CARRONADE_R5_E4,1,
96,CARRONADE_R5_E4,CARRONADE_R5_E1,CARRONADE_R5_E1,2000000,SC_ITEM,40,SC_EVOLVE_R5,CARRONADE_R5_E5,1
97,SPEED_PASSIVE_R1_E1,SPEED_PASSIVE_R1_E1,9000,SC_ITEM,10,SC_EVOLVE_R1,SPEED_PASSIVE_R1_E2,1,
98,SPEED_PASSIVE_R1_E2,SPEED_PASSIVE_R1_E1,10000,SC_ITEM,20,SC_EVOLVE_R1,SPEED_PASSIVE_R1_E3,1,
99,SPEED_PASSIVE_R1_E3,SPEED_PASSIVE_R1_E1,12000,SC_ITEM,30,SC_EVOLVE_R1,SPEED_PASSIVE_R1_E4,1,
100,SPEED_PASSIVE_R1_E4,SPEED_PASSIVE_R1_E1,SPEED_PASSIVE_R1_E1,14000,SC_ITEM,40,SC_EVOLVE_R1,SPEED_PASSIVE_R1_E5,1
102,SPEED_PASSIVE_R2_E1,SPEED_PASSIVE_R2_E1,12000,SC_ITEM,10,SC_EVOLVE_R2,SPEED_PASSIVE_R2_E2,1,
103,SPEED_PASSIVE_R2_E2,SPEED_PASSIVE_R2_E1,20000,SC_ITEM,20,SC_EVOLVE_R2,SPEED_PASSIVE_R2_E3,1,
104,SPEED_PASSIVE_R2_E3,SPEED_PASSIVE_R2_E1,70000,SC_ITEM,30,SC_EVOLVE_R2,SPEED_PASSIVE_R2_E4,1,
105,SPEED_PASSIVE_R2_E4,SPEED_PASSIVE_R2_E1,SPEED_PASSIVE_R2_E1,140000,SC_ITEM,40,SC_EVOLVE_R2,SPEED_PASSIVE_R2_E5,1
107,SPEED_PASSIVE_R3_E1,SPEED_PASSIVE_R3_E1,55000,SC_ITEM,10,SC_EVOLVE_R3,SPEED_PASSIVE_R3_E2,1,
108,SPEED_PASSIVE_R3_E2,SPEED_PASSIVE_R3_E1,137000,SC_ITEM,20,SC_EVOLVE_R3,SPEED_PASSIVE_R3_E3,1,
109,SPEED_PASSIVE_R3_E3,SPEED_PASSIVE_R3_E1,364000,SC_ITEM,30,SC_EVOLVE_R3,SPEED_PASSIVE_R3_E4,1,
110,SPEED_PASSIVE_R3_E4,SPEED_PASSIVE_R3_E1,SPEED_PASSIVE_R3_E1,683000,SC_ITEM,40,SC_EVOLVE_R3,SPEED_PASSIVE_R3_E5,1
112,SPEED_PASSIVE_R4_E1,SPEED_PASSIVE_R4_E1,125000,SC_ITEM,10,SC_EVOLVE_R4,SPEED_PASSIVE_R4_E2,1,
113,SPEED_PASSIVE_R4_E2,SPEED_PASSIVE_R4_E1,375000,SC_ITEM,20,SC_EVOLVE_R4,SPEED_PASSIVE_R4_E3,1,
114,SPEED_PASSIVE_R4_E3,SPEED_PASSIVE_R4_E1,661000,SC_ITEM,30,SC_EVOLVE_R4,SPEED_PASSIVE_R4_E4,1,
115,SPEED_PASSIVE_R4_E4,SPEED_PASSIVE_R4_E1,SPEED_PASSIVE_R4_E1,1124000,SC_ITEM,40,SC_EVOLVE_R4,SPEED_PASSIVE_R4_E5,1
117,SPEED_PASSIVE_R5_E1,SPEED_PASSIVE_R5_E1,1390000,SC_ITEM,10,SC_EVOLVE_R5,SPEED_PASSIVE_R5_E2,1,
118,SPEED_PASSIVE_R5_E2,SPEED_PASSIVE_R5_E1,1640000,SC_ITEM,20,SC_EVOLVE_R5,SPEED_PASSIVE_R5_E3,1,
119,SPEED_PASSIVE_R5_E3,SPEED_PASSIVE_R5_E1,1860000,SC_ITEM,30,SC_EVOLVE_R5,SPEED_PASSIVE_R5_E4,1,
120,SPEED_PASSIVE_R5_E4,SPEED_PASSIVE_R5_E1,SPEED_PASSIVE_R5_E1,2000000,SC_ITEM,40,SC_EVOLVE_R5,SPEED_PASSIVE_R5_E5,1
121,TORPEDO_R1_E1,TORPEDO_R1_E1,9000,SC_ITEM,10,SC_EVOLVE_R1,TORPEDO_R1_E2,1,
122,TORPEDO_R1_E2,TORPEDO_R1_E1,10000,SC_ITEM,20,SC_EVOLVE_R1,TORPEDO_R1_E3,1,
123,TORPEDO_R1_E3,TORPEDO_R1_E1,12000,SC_ITEM,30,SC_EVOLVE_R1,TORPEDO_R1_E4,1,
124,TORPEDO_R1_E4,TORPEDO_R1_E1,TORPEDO_R1_E1,14000,SC_ITEM,40,SC_EVOLVE_R1,TORPEDO_R1_E5,1
126,TORPEDO_R2_E1,TORPEDO_R2_E1,12000,SC_ITEM,10,SC_EVOLVE_R2,TORPEDO_R2_E2,1,
127,TORPEDO_R2_E2,TORPEDO_R2_E1,20000,SC_ITEM,20,SC_EVOLVE_R2,TORPEDO_R2_E3,1,
128,TORPEDO_R2_E3,TORPEDO_R2_E1,70000,SC_ITEM,30,SC_EVOLVE_R2,TORPEDO_R2_E4,1,
129,TORPEDO_R2_E4,TORPEDO_R2_E1,TORPEDO_R2_E1,140000,SC_ITEM,40,SC_EVOLVE_R2,TORPEDO_R2_E5,1
131,TORPEDO_R3_E1,TORPEDO_R3_E1,55000,SC_ITEM,10,SC_EVOLVE_R3,TORPEDO_R3_E2,1,
132,TORPEDO_R3_E2,TORPEDO_R3_E1,137000,SC_ITEM,20,SC_EVOLVE_R3,TORPEDO_R3_E3,1,
133,TORPEDO_R3_E3,TORPEDO_R3_E1,364000,SC_ITEM,30,SC_EVOLVE_R3,TORPEDO_R3_E4,1,
134,TORPEDO_R3_E4,TORPEDO_R3_E1,TORPEDO_R3_E1,683000,SC_ITEM,40,SC_EVOLVE_R3,TORPEDO_R3_E5,1
136,TORPEDO_R4_E1,TORPEDO_R4_E1,125000,SC_ITEM,10,SC_EVOLVE_R4,TORPEDO_R4_E2,1,
137,TORPEDO_R4_E2,TORPEDO_R4_E1,375000,SC_ITEM,20,SC_EVOLVE_R4,TORPEDO_R4_E3,1,
138,TORPEDO_R4_E3,TORPEDO_R4_E1,661000,SC_ITEM,30,SC_EVOLVE_R4,TORPEDO_R4_E4,1,
139,TORPEDO_R4_E4,TORPEDO_R4_E1,TORPEDO_R4_E1,1124000,SC_ITEM,40,SC_EVOLVE_R4,TORPEDO_R4_E5,1
141,TORPEDO_R5_E1,TORPEDO_R5_E1,1390000,SC_ITEM,10,SC_EVOLVE_R5,TORPEDO_R5_E2,1,
142,TORPEDO_R5_E2,TORPEDO_R5_E1,1640000,SC_ITEM,20,SC_EVOLVE_R5,TORPEDO_R5_E3,1,
143,TORPEDO_R5_E3,TORPEDO_R5_E1,1860000,SC_ITEM,30,SC_EVOLVE_R5,TORPEDO_R5_E4,1,
144,TORPEDO_R5_E4,TORPEDO_R5_E1,TORPEDO_R5_E1,2000000,SC_ITEM,40,SC_EVOLVE_R5,TORPEDO_R5_E5,1
145,TORPEDO_FAST_R1_E1,TORPEDO_FAST_R1_E1,9000,SC_ITEM,10,SC_EVOLVE_R1,TORPEDO_FAST_R1_E2,1,
146,TORPEDO_FAST_R1_E2,TORPEDO_FAST_R1_E1,10000,SC_ITEM,20,SC_EVOLVE_R1,TORPEDO_FAST_R1_E3,1,
147,TORPEDO_FAST_R1_E3,TORPEDO_FAST_R1_E1,12000,SC_ITEM,30,SC_EVOLVE_R1,TORPEDO_FAST_R1_E4,1,
148,TORPEDO_FAST_R1_E4,TORPEDO_FAST_R1_E1,TORPEDO_FAST_R1_E1,14000,SC_ITEM,40,SC_EVOLVE_R1,TORPEDO_FAST_R1_E5,1
150,TORPEDO_FAST_R2_E1,TORPEDO_FAST_R2_E1,12000,SC_ITEM,10,SC_EVOLVE_R2,TORPEDO_FAST_R2_E2,1,
151,TORPEDO_FAST_R2_E2,TORPEDO_FAST_R2_E1,20000,SC_ITEM,20,SC_EVOLVE_R2,TORPEDO_FAST_R2_E3,1,
152,TORPEDO_FAST_R2_E3,TORPEDO_FAST_R2_E1,70000,SC_ITEM,30,SC_EVOLVE_R2,TORPEDO_FAST_R2_E4,1,
153,TORPEDO_FAST_R2_E4,TORPEDO_FAST_R2_E1,TORPEDO_FAST_R2_E1,140000,SC_ITEM,40,SC_EVOLVE_R2,TORPEDO_FAST_R2_E5,1
155,TORPEDO_FAST_R3_E1,TORPEDO_FAST_R3_E1,55000,SC_ITEM,10,SC_EVOLVE_R3,TORPEDO_FAST_R3_E2,1,
156,TORPEDO_FAST_R3_E2,TORPEDO_FAST_R3_E1,137000,SC_ITEM,20,SC_EVOLVE_R3,TORPEDO_FAST_R3_E3,1,
157,TORPEDO_FAST_R3_E3,TORPEDO_FAST_R3_E1,364000,SC_ITEM,30,SC_EVOLVE_R3,TORPEDO_FAST_R3_E4,1,
158,TORPEDO_FAST_R3_E4,TORPEDO_FAST_R3_E1,TORPEDO_FAST_R3_E1,683000,SC_ITEM,40,SC_EVOLVE_R3,TORPEDO_FAST_R3_E5,1
160,TORPEDO_FAST_R4_E1,TORPEDO_FAST_R4_E1,125000,SC_ITEM,10,SC_EVOLVE_R4,TORPEDO_FAST_R4_E2,1,
161,TORPEDO_FAST_R4_E2,TORPEDO_FAST_R4_E1,375000,SC_ITEM,20,SC_EVOLVE_R4,TORPEDO_FAST_R4_E3,1,
162,TORPEDO_FAST_R4_E3,TORPEDO_FAST_R4_E1,661000,SC_ITEM,30,SC_EVOLVE_R4,TORPEDO_FAST_R4_E4,1,
163,TORPEDO_FAST_R4_E4,TORPEDO_FAST_R4_E1,TORPEDO_FAST_R4_E1,1124000,SC_ITEM,40,SC_EVOLVE_R4,TORPEDO_FAST_R4_E5,1
165,TORPEDO_FAST_R5_E1,TORPEDO_FAST_R5_E1,1390000,SC_ITEM,10,SC_EVOLVE_R5,TORPEDO_FAST_R5_E2,1,
166,TORPEDO_FAST_R5_E2,TORPEDO_FAST_R5_E1,1640000,SC_ITEM,20,SC_EVOLVE_R5,TORPEDO_FAST_R5_E3,1,
167,TORPEDO_FAST_R5_E3,TORPEDO_FAST_R5_E1,1860000,SC_ITEM,30,SC_EVOLVE_R5,TORPEDO_FAST_R5_E4,1,
168,TORPEDO_FAST_R5_E4,TORPEDO_FAST_R5_E1,TORPEDO_FAST_R5_E1,2000000,SC_ITEM,40,SC_EVOLVE_R5,TORPEDO_FAST_R5_E5,1
169,MORTAR_R1_E1,MORTAR_R1_E1,9000,SC_ITEM,10,SC_EVOLVE_R1,MORTAR_R1_E2,1,
170,MORTAR_R1_E2,MORTAR_R1_E1,10000,SC_ITEM,20,SC_EVOLVE_R1,MORTAR_R1_E3,1,
171,MORTAR_R1_E3,MORTAR_R1_E1,12000,SC_ITEM,30,SC_EVOLVE_R1,MORTAR_R1_E4,1,
172,MORTAR_R1_E4,MORTAR_R1_E1,MORTAR_R1_E1,14000,SC_ITEM,40,SC_EVOLVE_R1,MORTAR_R1_E5,1
174,MORTAR_R2_E1,MORTAR_R2_E1,12000,SC_ITEM,10,SC_EVOLVE_R2,MORTAR_R2_E2,1,
175,MORTAR_R2_E2,MORTAR_R2_E1,20000,SC_ITEM,20,SC_EVOLVE_R2,MORTAR_R2_E3,1,
176,MORTAR_R2_E3,MORTAR_R2_E1,70000,SC_ITEM,30,SC_EVOLVE_R2,MORTAR_R2_E4,1,
177,MORTAR_R2_E4,MORTAR_R2_E1,MORTAR_R2_E1,140000,SC_ITEM,40,SC_EVOLVE_R2,MORTAR_R2_E5,1
179,MORTAR_R3_E1,MORTAR_R3_E1,55000,SC_ITEM,10,SC_EVOLVE_R3,MORTAR_R3_E2,1,
180,MORTAR_R3_E2,MORTAR_R3_E1,137000,SC_ITEM,20,SC_EVOLVE_R3,MORTAR_R3_E3,1,
181,MORTAR_R3_E3,MORTAR_R3_E1,364000,SC_ITEM,30,SC_EVOLVE_R3,MORTAR_R3_E4,1,
182,MORTAR_R3_E4,MORTAR_R3_E1,MORTAR_R3_E1,683000,SC_ITEM,40,SC_EVOLVE_R3,MORTAR_R3_E5,1
184,MORTAR_R4_E1,MORTAR_R4_E1,125000,SC_ITEM,10,SC_EVOLVE_R4,MORTAR_R4_E2,1,
185,MORTAR_R4_E2,MORTAR_R4_E1,375000,SC_ITEM,20,SC_EVOLVE_R4,MORTAR_R4_E3,1,
186,MORTAR_R4_E3,MORTAR_R4_E1,661000,SC_ITEM,30,SC_EVOLVE_R4,MORTAR_R4_E4,1,
187,MORTAR_R4_E4,MORTAR_R4_E1,MORTAR_R4_E1,1124000,SC_ITEM,40,SC_EVOLVE_R4,MORTAR_R4_E5,1
189,MORTAR_R5_E1,MORTAR_R5_E1,1390000,SC_ITEM,10,SC_EVOLVE_R5,MORTAR_R5_E2,1,
190,MORTAR_R5_E2,MORTAR_R5_E1,1640000,SC_ITEM,20,SC_EVOLVE_R5,MORTAR_R5_E3,1,
191,MORTAR_R5_E3,MORTAR_R5_E1,1860000,SC_ITEM,30,SC_EVOLVE_R5,MORTAR_R5_E4,1,
192,MORTAR_R5_E4,MORTAR_R5_E1,MORTAR_R5_E1,2000000,SC_ITEM,40,SC_EVOLVE_R5,MORTAR_R5_E5,1
193,MORTAR_LONG_RANGE_R1_E1,MORTAR_LONG_RANGE_R1_E1,9000,SC_ITEM,10,SC_EVOLVE_R1,MORTAR_LONG_RANGE_R1_E2,1,
194,MORTAR_LONG_RANGE_R1_E2,MORTAR_LONG_RANGE_R1_E1,10000,SC_ITEM,20,SC_EVOLVE_R1,MORTAR_LONG_RANGE_R1_E3,1,
195,MORTAR_LONG_RANGE_R1_E3,MORTAR_LONG_RANGE_R1_E1,12000,SC_ITEM,30,SC_EVOLVE_R1,MORTAR_LONG_RANGE_R1_E4,1,
196,MORTAR_LONG_RANGE_R1_E4,MORTAR_LONG_RANGE_R1_E1,MORTAR_LONG_RANGE_R1_E1,14000,SC_ITEM,40,SC_EVOLVE_R1,MORTAR_LONG_RANGE_R1_E5,1
198,MORTAR_LONG_RANGE_R2_E1,MORTAR_LONG_RANGE_R2_E1,12000,SC_ITEM,10,SC_EVOLVE_R2,MORTAR_LONG_RANGE_R2_E2,1,
199,MORTAR_LONG_RANGE_R2_E2,MORTAR_LONG_RANGE_R2_E1,20000,SC_ITEM,20,SC_EVOLVE_R2,MORTAR_LONG_RANGE_R2_E3,1,
200,MORTAR_LONG_RANGE_R2_E3,MORTAR_LONG_RANGE_R2_E1,70000,SC_ITEM,30,SC_EVOLVE_R2,MORTAR_LONG_RANGE_R2_E4,1,
201,MORTAR_LONG_RANGE_R2_E4,MORTAR_LONG_RANGE_R2_E1,MORTAR_LONG_RANGE_R2_E1,140000,SC_ITEM,40,SC_EVOLVE_R2,MORTAR_LONG_RANGE_R2_E5,1
203,MORTAR_LONG_RANGE_R3_E1,MORTAR_LONG_RANGE_R3_E1,55000,SC_ITEM,10,SC_EVOLVE_R3,MORTAR_LONG_RANGE_R3_E2,1,
204,MORTAR_LONG_RANGE_R3_E2,MORTAR_LONG_RANGE_R3_E1,137000,SC_ITEM,20,SC_EVOLVE_R3,MORTAR_LONG_RANGE_R3_E3,1,
205,MORTAR_LONG_RANGE_R3_E3,MORTAR_LONG_RANGE_R3_E1,364000,SC_ITEM,30,SC_EVOLVE_R3,MORTAR_LONG_RANGE_R3_E4,1,
206,MORTAR_LONG_RANGE_R3_E4,MORTAR_LONG_RANGE_R3_E1,MORTAR_LONG_RANGE_R3_E1,683000,SC_ITEM,40,SC_EVOLVE_R3,MORTAR_LONG_RANGE_R3_E5,1
208,MORTAR_LONG_RANGE_R4_E1,MORTAR_LONG_RANGE_R4_E1,125000,SC_ITEM,10,SC_EVOLVE_R4,MORTAR_LONG_RANGE_R4_E2,1,
209,MORTAR_LONG_RANGE_R4_E2,MORTAR_LONG_RANGE_R4_E1,375000,SC_ITEM,20,SC_EVOLVE_R4,MORTAR_LONG_RANGE_R4_E3,1,
210,MORTAR_LONG_RANGE_R4_E3,MORTAR_LONG_RANGE_R4_E1,661000,SC_ITEM,30,SC_EVOLVE_R4,MORTAR_LONG_RANGE_R4_E4,1,
211,MORTAR_LONG_RANGE_R4_E4,MORTAR_LONG_RANGE_R4_E1,MORTAR_LONG_RANGE_R4_E1,1124000,SC_ITEM,40,SC_EVOLVE_R4,MORTAR_LONG_RANGE_R4_E5,1
213,MORTAR_LONG_RANGE_R5_E1,MORTAR_LONG_RANGE_R5_E1,1390000,SC_ITEM,10,SC_EVOLVE_R5,MORTAR_LONG_RANGE_R5_E2,1,
214,MORTAR_LONG_RANGE_R5_E2,MORTAR_LONG_RANGE_R5_E1,1640000,SC_ITEM,20,SC_EVOLVE_R5,MORTAR_LONG_RANGE_R5_E3,1,
215,MORTAR_LONG_RANGE_R5_E3,MORTAR_LONG_RANGE_R5_E1,1860000,SC_ITEM,30,SC_EVOLVE_R5,MORTAR_LONG_RANGE_R5_E4,1,
216,MORTAR_LONG_RANGE_R5_E4,MORTAR_LONG_RANGE_R5_E1,MORTAR_LONG_RANGE_R5_E1,2000000,SC_ITEM,40,SC_EVOLVE_R5,MORTAR_LONG_RANGE_R5_E5,1
217,MORTAR_LARGE_AREA_R1_E1,MORTAR_LARGE_AREA_R1_E1,9000,SC_ITEM,10,SC_EVOLVE_R1,MORTAR_LARGE_AREA_R1_E2,1,
218,MORTAR_LARGE_AREA_R1_E2,MORTAR_LARGE_AREA_R1_E1,10000,SC_ITEM,20,SC_EVOLVE_R1,MORTAR_LARGE_AREA_R1_E3,1,
219,MORTAR_LARGE_AREA_R1_E3,MORTAR_LARGE_AREA_R1_E1,12000,SC_ITEM,30,SC_EVOLVE_R1,MORTAR_LARGE_AREA_R1_E4,1,
220,MORTAR_LARGE_AREA_R1_E4,MORTAR_LARGE_AREA_R1_E1,MORTAR_LARGE_AREA_R1_E1,14000,SC_ITEM,40,SC_EVOLVE_R1,MORTAR_LARGE_AREA_R1_E5,1
222,MORTAR_LARGE_AREA_R2_E1,MORTAR_LARGE_AREA_R2_E1,12000,SC_ITEM,10,SC_EVOLVE_R2,MORTAR_LARGE_AREA_R2_E2,1,
223,MORTAR_LARGE_AREA_R2_E2,MORTAR_LARGE_AREA_R2_E1,20000,SC_ITEM,20,SC_EVOLVE_R2,MORTAR_LARGE_AREA_R2_E3,1,
224,MORTAR_LARGE_AREA_R2_E3,MORTAR_LARGE_AREA_R2_E1,70000,SC_ITEM,30,SC_EVOLVE_R2,MORTAR_LARGE_AREA_R2_E4,1,
225,MORTAR_LARGE_AREA_R2_E4,MORTAR_LARGE_AREA_R2_E1,MORTAR_LARGE_AREA_R2_E1,140000,SC_ITEM,40,SC_EVOLVE_R2,MORTAR_LARGE_AREA_R2_E5,1
227,MORTAR_LARGE_AREA_R3_E1,MORTAR_LARGE_AREA_R3_E1,55000,SC_ITEM,10,SC_EVOLVE_R3,MORTAR_LARGE_AREA_R3_E2,1,
228,MORTAR_LARGE_AREA_R3_E2,MORTAR_LARGE_AREA_R3_E1,137000,SC_ITEM,20,SC_EVOLVE_R3,MORTAR_LARGE_AREA_R3_E3,1,
229,MORTAR_LARGE_AREA_R3_E3,MORTAR_LARGE_AREA_R3_E1,364000,SC_ITEM,30,SC_EVOLVE_R3,MORTAR_LARGE_AREA_R3_E4,1,
230,MORTAR_LARGE_AREA_R3_E4,MORTAR_LARGE_AREA_R3_E1,MORTAR_LARGE_AREA_R3_E1,683000,SC_ITEM,40,SC_EVOLVE_R3,MORTAR_LARGE_AREA_R3_E5,1
232,MORTAR_LARGE_AREA_R4_E1,MORTAR_LARGE_AREA_R4_E1,125000,SC_ITEM,10,SC_EVOLVE_R4,MORTAR_LARGE_AREA_R4_E2,1,
233,MORTAR_LARGE_AREA_R4_E2,MORTAR_LARGE_AREA_R4_E1,375000,SC_ITEM,20,SC_EVOLVE_R4,MORTAR_LARGE_AREA_R4_E3,1,
234,MORTAR_LARGE_AREA_R4_E3,MORTAR_LARGE_AREA_R4_E1,661000,SC_ITEM,30,SC_EVOLVE_R4,MORTAR_LARGE_AREA_R4_E4,1,
235,MORTAR_LARGE_AREA_R4_E4,MORTAR_LARGE_AREA_R4_E1,MORTAR_LARGE_AREA_R4_E1,1124000,SC_ITEM,40,SC_EVOLVE_R4,MORTAR_LARGE_AREA_R4_E5,1
237,MORTAR_LARGE_AREA_R5_E1,MORTAR_LARGE_AREA_R5_E1,1390000,SC_ITEM,10,SC_EVOLVE_R5,MORTAR_LARGE_AREA_R5_E2,1,
238,MORTAR_LARGE_AREA_R5_E2,MORTAR_LARGE_AREA_R5_E1,1640000,SC_ITEM,20,SC_EVOLVE_R5,MORTAR_LARGE_AREA_R5_E3,1,
239,MORTAR_LARGE_AREA_R5_E3,MORTAR_LARGE_AREA_R5_E1,1860000,SC_ITEM,30,SC_EVOLVE_R5,MORTAR_LARGE_AREA_R5_E4,1,
240,MORTAR_LARGE_AREA_R5_E4,MORTAR_LARGE_AREA_R5_E1,MORTAR_LARGE_AREA_R5_E1,2000000,SC_ITEM,40,SC_EVOLVE_R5,MORTAR_LARGE_AREA_R5_E5,1
241,GRENADE_R1_E1,GRENADE_R1_E1,9000,SC_ITEM,10,SC_EVOLVE_R1,GRENADE_R1_E2,1,
242,GRENADE_R1_E2,GRENADE_R1_E1,10000,SC_ITEM,20,SC_EVOLVE_R1,GRENADE_R1_E3,1,
243,GRENADE_R1_E3,GRENADE_R1_E1,12000,SC_ITEM,30,SC_EVOLVE_R1,GRENADE_R1_E4,1,
244,GRENADE_R1_E4,GRENADE_R1_E1,GRENADE_R1_E1,14000,SC_ITEM,40,SC_EVOLVE_R1,GRENADE_R1_E5,1
246,GRENADE_R2_E1,GRENADE_R2_E1,12000,SC_ITEM,10,SC_EVOLVE_R2,GRENADE_R2_E2,1,
247,GRENADE_R2_E2,GRENADE_R2_E1,20000,SC_ITEM,20,SC_EVOLVE_R2,GRENADE_R2_E3,1,
248,GRENADE_R2_E3,GRENADE_R2_E1,70000,SC_ITEM,30,SC_EVOLVE_R2,GRENADE_R2_E4,1,
249,GRENADE_R2_E4,GRENADE_R2_E1,GRENADE_R2_E1,140000,SC_ITEM,40,SC_EVOLVE_R2,GRENADE_R2_E5,1
251,GRENADE_R3_E1,GRENADE_R3_E1,55000,SC_ITEM,10,SC_EVOLVE_R3,GRENADE_R3_E2,1,
252,GRENADE_R3_E2,GRENADE_R3_E1,137000,SC_ITEM,20,SC_EVOLVE_R3,GRENADE_R3_E3,1,
253,GRENADE_R3_E3,GRENADE_R3_E1,364000,SC_ITEM,30,SC_EVOLVE_R3,GRENADE_R3_E4,1,
254,GRENADE_R3_E4,GRENADE_R3_E1,GRENADE_R3_E1,683000,SC_ITEM,40,SC_EVOLVE_R3,GRENADE_R3_E5,1
256,GRENADE_R4_E1,GRENADE_R4_E1,125000,SC_ITEM,10,SC_EVOLVE_R4,GRENADE_R4_E2,1,
257,GRENADE_R4_E2,GRENADE_R4_E1,375000,SC_ITEM,20,SC_EVOLVE_R4,GRENADE_R4_E3,1,
258,GRENADE_R4_E3,GRENADE_R4_E1,661000,SC_ITEM,30,SC_EVOLVE_R4,GRENADE_R4_E4,1,
259,GRENADE_R4_E4,GRENADE_R4_E1,GRENADE_R4_E1,1124000,SC_ITEM,40,SC_EVOLVE_R4,GRENADE_R4_E5,1
261,GRENADE_R5_E1,GRENADE_R5_E1,1390000,SC_ITEM,10,SC_EVOLVE_R5,GRENADE_R5_E2,1,
262,GRENADE_R5_E2,GRENADE_R5_E1,1640000,SC_ITEM,20,SC_EVOLVE_R5,GRENADE_R5_E3,1,
263,GRENADE_R5_E3,GRENADE_R5_E1,1860000,SC_ITEM,30,SC_EVOLVE_R5,GRENADE_R5_E4,1,
264,GRENADE_R5_E4,GRENADE_R5_E1,GRENADE_R5_E1,2000000,SC_ITEM,40,SC_EVOLVE_R5,GRENADE_R5_E5,1
265,SHIELD_R1_E1,SHIELD_R1_E1,9000,SC_ITEM,10,SC_EVOLVE_R1,SHIELD_R1_E2,1,
266,SHIELD_R1_E2,SHIELD_R1_E1,10000,SC_ITEM,20,SC_EVOLVE_R1,SHIELD_R1_E3,1,
267,SHIELD_R1_E3,SHIELD_R1_E1,12000,SC_ITEM,30,SC_EVOLVE_R1,SHIELD_R1_E4,1,
268,SHIELD_R1_E4,SHIELD_R1_E1,SHIELD_R1_E1,14000,SC_ITEM,40,SC_EVOLVE_R1,SHIELD_R1_E5,1
270,SHIELD_R2_E1,SHIELD_R2_E1,12000,SC_ITEM,10,SC_EVOLVE_R2,SHIELD_R2_E2,1,
271,SHIELD_R2_E2,SHIELD_R2_E1,20000,SC_ITEM,20,SC_EVOLVE_R2,SHIELD_R2_E3,1,
272,SHIELD_R2_E3,SHIELD_R2_E1,70000,SC_ITEM,30,SC_EVOLVE_R2,SHIELD_R2_E4,1,
273,SHIELD_R2_E4,SHIELD_R2_E1,SHIELD_R2_E1,140000,SC_ITEM,40,SC_EVOLVE_R2,SHIELD_R2_E5,1
275,SHIELD_R3_E1,SHIELD_R3_E1,55000,SC_ITEM,10,SC_EVOLVE_R3,SHIELD_R3_E2,1,
276,SHIELD_R3_E2,SHIELD_R3_E1,137000,SC_ITEM,20,SC_EVOLVE_R3,SHIELD_R3_E3,1,
277,SHIELD_R3_E3,SHIELD_R3_E1,364000,SC_ITEM,30,SC_EVOLVE_R3,SHIELD_R3_E4,1,
278,SHIELD_R3_E4,SHIELD_R3_E1,SHIELD_R3_E1,683000,SC_ITEM,40,SC_EVOLVE_R3,SHIELD_R3_E5,1
280,SHIELD_R4_E1,SHIELD_R4_E1,125000,SC_ITEM,10,SC_EVOLVE_R4,SHIELD_R4_E2,1,
281,SHIELD_R4_E2,SHIELD_R4_E1,375000,SC_ITEM,20,SC_EVOLVE_R4,SHIELD_R4_E3,1,
282,SHIELD_R4_E3,SHIELD_R4_E1,661000,SC_ITEM,30,SC_EVOLVE_R4,SHIELD_R4_E4,1,
283,SHIELD_R4_E4,SHIELD_R4_E1,SHIELD_R4_E1,1124000,SC_ITEM,40,SC_EVOLVE_R4,SHIELD_R4_E5,1
285,SHIELD_R5_E1,SHIELD_R5_E1,1390000,SC_ITEM,10,SC_EVOLVE_R5,SHIELD_R5_E2,1,
286,SHIELD_R5_E2,SHIELD_R5_E1,1640000,SC_ITEM,20,SC_EVOLVE_R5,SHIELD_R5_E3,1,
287,SHIELD_R5_E3,SHIELD_R5_E1,1860000,SC_ITEM,30,SC_EVOLVE_R5,SHIELD_R5_E4,1,
288,SHIELD_R5_E4,SHIELD_R5_E1,SHIELD_R5_E1,2000000,SC_ITEM,40,SC_EVOLVE_R5,SHIELD_R5_E5,1
289,GEAR_LUBE_R1_E1,GEAR_LUBE_R1_E1,9000,SC_ITEM,10,SC_EVOLVE_R1,GEAR_LUBE_R1_E2,1,
290,GEAR_LUBE_R1_E2,GEAR_LUBE_R1_E1,10000,SC_ITEM,20,SC_EVOLVE_R1,GEAR_LUBE_R1_E3,1,
291,GEAR_LUBE_R1_E3,GEAR_LUBE_R1_E1,12000,SC_ITEM,30,SC_EVOLVE_R1,GEAR_LUBE_R1_E4,1,
292,GEAR_LUBE_R1_E4,GEAR_LUBE_R1_E1,GEAR_LUBE_R1_E1,14000,SC_ITEM,40,SC_EVOLVE_R1,GEAR_LUBE_R1_E5,1
294,GEAR_LUBE_R2_E1,GEAR_LUBE_R2_E1,12000,SC_ITEM,10,SC_EVOLVE_R2,GEAR_LUBE_R2_E2,1,
295,GEAR_LUBE_R2_E2,GEAR_LUBE_R2_E1,20000,SC_ITEM,20,SC_EVOLVE_R2,GEAR_LUBE_R2_E3,1,
296,GEAR_LUBE_R2_E3,GEAR_LUBE_R2_E1,70000,SC_ITEM,30,SC_EVOLVE_R2,GEAR_LUBE_R2_E4,1,
297,GEAR_LUBE_R2_E4,GEAR_LUBE_R2_E1,GEAR_LUBE_R2_E1,140000,SC_ITEM,40,SC_EVOLVE_R2,GEAR_LUBE_R2_E5,1
299,GEAR_LUBE_R3_E1,GEAR_LUBE_R3_E1,55000,SC_ITEM,10,SC_EVOLVE_R3,GEAR_LUBE_R3_E2,1,
300,GEAR_LUBE_R3_E2,GEAR_LUBE_R3_E1,137000,SC_ITEM,20,SC_EVOLVE_R3,GEAR_LUBE_R3_E3,1,
301,GEAR_LUBE_R3_E3,GEAR_LUBE_R3_E1,364000,SC_ITEM,30,SC_EVOLVE_R3,GEAR_LUBE_R3_E4,1,
302,GEAR_LUBE_R3_E4,GEAR_LUBE_R3_E1,GEAR_LUBE_R3_E1,683000,SC_ITEM,40,SC_EVOLVE_R3,GEAR_LUBE_R3_E5,1
304,GEAR_LUBE_R4_E1,GEAR_LUBE_R4_E1,125000,SC_ITEM,10,SC_EVOLVE_R4,GEAR_LUBE_R4_E2,1,
305,GEAR_LUBE_R4_E2,GEAR_LUBE_R4_E1,375000,SC_ITEM,20,SC_EVOLVE_R4,GEAR_LUBE_R4_E3,1,
306,GEAR_LUBE_R4_E3,GEAR_LUBE_R4_E1,661000,SC_ITEM,30,SC_EVOLVE_R4,GEAR_LUBE_R4_E4,1,
307,GEAR_LUBE_R4_E4,GEAR_LUBE_R4_E1,GEAR_LUBE_R4_E1,1124000,SC_ITEM,40,SC_EVOLVE_R4,GEAR_LUBE_R4_E5,1
309,GEAR_LUBE_R5_E1,GEAR_LUBE_R5_E1,1390000,SC_ITEM,10,SC_EVOLVE_R5,GEAR_LUBE_R5_E2,1,
310,GEAR_LUBE_R5_E2,GEAR_LUBE_R5_E1,1640000,SC_ITEM,20,SC_EVOLVE_R5,GEAR_LUBE_R5_E3,1,
311,GEAR_LUBE_R5_E3,GEAR_LUBE_R5_E1,1860000,SC_ITEM,30,SC_EVOLVE_R5,GEAR_LUBE_R5_E4,1,
312,GEAR_LUBE_R5_E4,GEAR_LUBE_R5_E1,GEAR_LUBE_R5_E1,2000000,SC_ITEM,40,SC_EVOLVE_R5,GEAR_LUBE_R5_E5,1
313,RUDDER_PASSIVE_R1_E1,RUDDER_PASSIVE_R1_E1,9000,SC_ITEM,10,SC_EVOLVE_R1,RUDDER_PASSIVE_R1_E2,1,
314,RUDDER_PASSIVE_R1_E2,RUDDER_PASSIVE_R1_E1,10000,SC_ITEM,20,SC_EVOLVE_R1,RUDDER_PASSIVE_R1_E3,1,
315,RUDDER_PASSIVE_R1_E3,RUDDER_PASSIVE_R1_E1,12000,SC_ITEM,30,SC_EVOLVE_R1,RUDDER_PASSIVE_R1_E4,1,
316,RUDDER_PASSIVE_R1_E4,RUDDER_PASSIVE_R1_E1,RUDDER_PASSIVE_R1_E1,14000,SC_ITEM,40,SC_EVOLVE_R1,RUDDER_PASSIVE_R1_E5,1
318,RUDDER_PASSIVE_R2_E1,RUDDER_PASSIVE_R2_E1,12000,SC_ITEM,10,SC_EVOLVE_R2,RUDDER_PASSIVE_R2_E2,1,
319,RUDDER_PASSIVE_R2_E2,RUDDER_PASSIVE_R2_E1,20000,SC_ITEM,20,SC_EVOLVE_R2,RUDDER_PASSIVE_R2_E3,1,
320,RUDDER_PASSIVE_R2_E3,RUDDER_PASSIVE_R2_E1,70000,SC_ITEM,30,SC_EVOLVE_R2,RUDDER_PASSIVE_R2_E4,1,
321,RUDDER_PASSIVE_R2_E4,RUDDER_PASSIVE_R2_E1,RUDDER_PASSIVE_R2_E1,140000,SC_ITEM,40,SC_EVOLVE_R2,RUDDER_PASSIVE_R2_E5,1
323,RUDDER_PASSIVE_R3_E1,RUDDER_PASSIVE_R3_E1,55000,SC_ITEM,10,SC_EVOLVE_R3,RUDDER_PASSIVE_R3_E2,1,
324,RUDDER_PASSIVE_R3_E2,RUDDER_PASSIVE_R3_E1,137000,SC_ITEM,20,SC_EVOLVE_R3,RUDDER_PASSIVE_R3_E3,1,
325,RUDDER_PASSIVE_R3_E3,RUDDER_PASSIVE_R3_E1,364000,SC_ITEM,30,SC_EVOLVE_R3,RUDDER_PASSIVE_R3_E4,1,
326,RUDDER_PASSIVE_R3_E4,RUDDER_PASSIVE_R3_E1,RUDDER_PASSIVE_R3_E1,683000,SC_ITEM,40,SC_EVOLVE_R3,RUDDER_PASSIVE_R3_E5,1
328,RUDDER_PASSIVE_R4_E1,RUDDER_PASSIVE_R4_E1,125000,SC_ITEM,10,SC_EVOLVE_R4,RUDDER_PASSIVE_R4_E2,1,
329,RUDDER_PASSIVE_R4_E2,RUDDER_PASSIVE_R4_E1,375000,SC_ITEM,20,SC_EVOLVE_R4,RUDDER_PASSIVE_R4_E3,1,
330,RUDDER_PASSIVE_R4_E3,RUDDER_PASSIVE_R4_E1,661000,SC_ITEM,30,SC_EVOLVE_R4,RUDDER_PASSIVE_R4_E4,1,
331,RUDDER_PASSIVE_R4_E4,RUDDER_PASSIVE_R4_E1,RUDDER_PASSIVE_R4_E1,1124000,SC_ITEM,40,SC_EVOLVE_R4,RUDDER_PASSIVE_R4_E5,1
333,RUDDER_PASSIVE_R5_E1,RUDDER_PASSIVE_R5_E1,1390000,SC_ITEM,10,SC_EVOLVE_R5,RUDDER_PASSIVE_R5_E2,1,
334,RUDDER_PASSIVE_R5_E2,RUDDER_PASSIVE_R5_E1,1640000,SC_ITEM,20,SC_EVOLVE_R5,RUDDER_PASSIVE_R5_E3,1,
335,RUDDER_PASSIVE_R5_E3,RUDDER_PASSIVE_R5_E1,1860000,SC_ITEM,30,SC_EVOLVE_R5,RUDDER_PASSIVE_R5_E4,1,
336,RUDDER_PASSIVE_R5_E4,RUDDER_PASSIVE_R5_E1,RUDDER_PASSIVE_R5_E1,2000000,SC_ITEM,40,SC_EVOLVE_R5,RUDDER_PASSIVE_R5_E5,1
337,SPEED_NITRO_R1_E1,SPEED_NITRO_R1_E1,9000,SC_ITEM,10,SC_EVOLVE_R1,SPEED_NITRO_R1_E2,1,
338,SPEED_NITRO_R1_E2,SPEED_NITRO_R1_E1,10000,SC_ITEM,20,SC_EVOLVE_R1,SPEED_NITRO_R1_E3,1,
339,SPEED_NITRO_R1_E3,SPEED_NITRO_R1_E1,12000,SC_ITEM,30,SC_EVOLVE_R1,SPEED_NITRO_R1_E4,1,
340,SPEED_NITRO_R1_E4,SPEED_NITRO_R1_E1,SPEED_NITRO_R1_E1,14000,SC_ITEM,40,SC_EVOLVE_R1,SPEED_NITRO_R1_E5,1
342,SPEED_NITRO_R2_E1,SPEED_NITRO_R2_E1,12000,SC_ITEM,10,SC_EVOLVE_R2,SPEED_NITRO_R2_E2,1,
343,SPEED_NITRO_R2_E2,SPEED_NITRO_R2_E1,20000,SC_ITEM,20,SC_EVOLVE_R2,SPEED_NITRO_R2_E3,1,
344,SPEED_NITRO_R2_E3,SPEED_NITRO_R2_E1,70000,SC_ITEM,30,SC_EVOLVE_R2,SPEED_NITRO_R2_E4,1,
345,SPEED_NITRO_R2_E4,SPEED_NITRO_R2_E1,SPEED_NITRO_R2_E1,140000,SC_ITEM,40,SC_EVOLVE_R2,SPEED_NITRO_R2_E5,1
347,SPEED_NITRO_R3_E1,SPEED_NITRO_R3_E1,55000,SC_ITEM,10,SC_EVOLVE_R3,SPEED_NITRO_R3_E2,1,
348,SPEED_NITRO_R3_E2,SPEED_NITRO_R3_E1,137000,SC_ITEM,20,SC_EVOLVE_R3,SPEED_NITRO_R3_E3,1,
349,SPEED_NITRO_R3_E3,SPEED_NITRO_R3_E1,364000,SC_ITEM,30,SC_EVOLVE_R3,SPEED_NITRO_R3_E4,1,
350,SPEED_NITRO_R3_E4,SPEED_NITRO_R3_E1,SPEED_NITRO_R3_E1,683000,SC_ITEM,40,SC_EVOLVE_R3,SPEED_NITRO_R3_E5,1
352,SPEED_NITRO_R4_E1,SPEED_NITRO_R4_E1,125000,SC_ITEM,10,SC_EVOLVE_R4,SPEED_NITRO_R4_E2,1,
353,SPEED_NITRO_R4_E2,SPEED_NITRO_R4_E1,375000,SC_ITEM,20,SC_EVOLVE_R4,SPEED_NITRO_R4_E3,1,
354,SPEED_NITRO_R4_E3,SPEED_NITRO_R4_E1,661000,SC_ITEM,30,SC_EVOLVE_R4,SPEED_NITRO_R4_E4,1,
355,SPEED_NITRO_R4_E4,SPEED_NITRO_R4_E1,SPEED_NITRO_R4_E1,1124000,SC_ITEM,40,SC_EVOLVE_R4,SPEED_NITRO_R4_E5,1
357,SPEED_NITRO_R5_E1,SPEED_NITRO_R5_E1,1390000,SC_ITEM,10,SC_EVOLVE_R5,SPEED_NITRO_R5_E2,1,
358,SPEED_NITRO_R5_E2,SPEED_NITRO_R5_E1,1640000,SC_ITEM,20,SC_EVOLVE_R5,SPEED_NITRO_R5_E3,1,
359,SPEED_NITRO_R5_E3,SPEED_NITRO_R5_E1,1860000,SC_ITEM,30,SC_EVOLVE_R5,SPEED_NITRO_R5_E4,1,
360,SPEED_NITRO_R5_E4,SPEED_NITRO_R5_E1,SPEED_NITRO_R5_E1,2000000,SC_ITEM,40,SC_EVOLVE_R5,SPEED_NITRO_R5_E5,1
361,SPEED_OVERBOOST_R1_E1,SPEED_OVERBOOST_R1_E1,9000,SC_ITEM,10,SC_EVOLVE_R1,SPEED_OVERBOOST_R1_E2,1,
362,SPEED_OVERBOOST_R1_E2,SPEED_OVERBOOST_R1_E1,10000,SC_ITEM,20,SC_EVOLVE_R1,SPEED_OVERBOOST_R1_E3,1,
363,SPEED_OVERBOOST_R1_E3,SPEED_OVERBOOST_R1_E1,12000,SC_ITEM,30,SC_EVOLVE_R1,SPEED_OVERBOOST_R1_E4,1,
364,SPEED_OVERBOOST_R1_E4,SPEED_OVERBOOST_R1_E1,SPEED_OVERBOOST_R1_E1,14000,SC_ITEM,40,SC_EVOLVE_R1,SPEED_OVERBOOST_R1_E5,1
366,SPEED_OVERBOOST_R2_E1,SPEED_OVERBOOST_R2_E1,12000,SC_ITEM,10,SC_EVOLVE_R2,SPEED_OVERBOOST_R2_E2,1,
367,SPEED_OVERBOOST_R2_E2,SPEED_OVERBOOST_R2_E1,20000,SC_ITEM,20,SC_EVOLVE_R2,SPEED_OVERBOOST_R2_E3,1,
368,SPEED_OVERBOOST_R2_E3,SPEED_OVERBOOST_R2_E1,70000,SC_ITEM,30,SC_EVOLVE_R2,SPEED_OVERBOOST_R2_E4,1,
369,SPEED_OVERBOOST_R2_E4,SPEED_OVERBOOST_R2_E1,SPEED_OVERBOOST_R2_E1,140000,SC_ITEM,40,SC_EVOLVE_R2,SPEED_OVERBOOST_R2_E5,1
371,SPEED_OVERBOOST_R3_E1,SPEED_OVERBOOST_R3_E1,55000,SC_ITEM,10,SC_EVOLVE_R3,SPEED_OVERBOOST_R3_E2,1,
372,SPEED_OVERBOOST_R3_E2,SPEED_OVERBOOST_R3_E1,137000,SC_ITEM,20,SC_EVOLVE_R3,SPEED_OVERBOOST_R3_E3,1,
373,SPEED_OVERBOOST_R3_E3,SPEED_OVERBOOST_R3_E1,364000,SC_ITEM,30,SC_EVOLVE_R3,SPEED_OVERBOOST_R3_E4,1,
374,SPEED_OVERBOOST_R3_E4,SPEED_OVERBOOST_R3_E1,SPEED_OVERBOOST_R3_E1,683000,SC_ITEM,40,SC_EVOLVE_R3,SPEED_OVERBOOST_R3_E5,1
376,SPEED_OVERBOOST_R4_E1,SPEED_OVERBOOST_R4_E1,125000,SC_ITEM,10,SC_EVOLVE_R4,SPEED_OVERBOOST_R4_E2,1,
377,SPEED_OVERBOOST_R4_E2,SPEED_OVERBOOST_R4_E1,375000,SC_ITEM,20,SC_EVOLVE_R4,SPEED_OVERBOOST_R4_E3,1,
378,SPEED_OVERBOOST_R4_E3,SPEED_OVERBOOST_R4_E1,661000,SC_ITEM,30,SC_EVOLVE_R4,SPEED_OVERBOOST_R4_E4,1,
379,SPEED_OVERBOOST_R4_E4,SPEED_OVERBOOST_R4_E1,SPEED_OVERBOOST_R4_E1,1124000,SC_ITEM,40,SC_EVOLVE_R4,SPEED_OVERBOOST_R4_E5,1
381,SPEED_OVERBOOST_R5_E1,SPEED_OVERBOOST_R5_E1,1390000,SC_ITEM,10,SC_EVOLVE_R5,SPEED_OVERBOOST_R5_E2,1,
382,SPEED_OVERBOOST_R5_E2,SPEED_OVERBOOST_R5_E1,1640000,SC_ITEM,20,SC_EVOLVE_R5,SPEED_OVERBOOST_R5_E3,1,
383,SPEED_OVERBOOST_R5_E3,SPEED_OVERBOOST_R5_E1,1860000,SC_ITEM,30,SC_EVOLVE_R5,SPEED_OVERBOOST_R5_E4,1,
384,SPEED_OVERBOOST_R5_E4,SPEED_OVERBOOST_R5_E1,SPEED_OVERBOOST_R5_E1,2000000,SC_ITEM,40,SC_EVOLVE_R5,SPEED_OVERBOOST_R5_E5,1
385,AREA_HEAL_R1_E1,AREA_HEAL_R1_E1,9000,SC_ITEM,10,SC_EVOLVE_R1,AREA_HEAL_R1_E2,1,
386,AREA_HEAL_R1_E2,AREA_HEAL_R1_E1,10000,SC_ITEM,20,SC_EVOLVE_R1,AREA_HEAL_R1_E3,1,
387,AREA_HEAL_R1_E3,AREA_HEAL_R1_E1,12000,SC_ITEM,30,SC_EVOLVE_R1,AREA_HEAL_R1_E4,1,
388,AREA_HEAL_R1_E4,AREA_HEAL_R1_E1,AREA_HEAL_R1_E1,14000,SC_ITEM,40,SC_EVOLVE_R1,AREA_HEAL_R1_E5,1
390,AREA_HEAL_R2_E1,AREA_HEAL_R2_E1,12000,SC_ITEM,10,SC_EVOLVE_R2,AREA_HEAL_R2_E2,1,
391,AREA_HEAL_R2_E2,AREA_HEAL_R2_E1,20000,SC_ITEM,20,SC_EVOLVE_R2,AREA_HEAL_R2_E3,1,
392,AREA_HEAL_R2_E3,AREA_HEAL_R2_E1,70000,SC_ITEM,30,SC_EVOLVE_R2,AREA_HEAL_R2_E4,1,
393,AREA_HEAL_R2_E4,AREA_HEAL_R2_E1,AREA_HEAL_R2_E1,140000,SC_ITEM,40,SC_EVOLVE_R2,AREA_HEAL_R2_E5,1
395,AREA_HEAL_R3_E1,AREA_HEAL_R3_E1,55000,SC_ITEM,10,SC_EVOLVE_R3,AREA_HEAL_R3_E2,1,
396,AREA_HEAL_R3_E2,AREA_HEAL_R3_E1,137000,SC_ITEM,20,SC_EVOLVE_R3,AREA_HEAL_R3_E3,1,
397,AREA_HEAL_R3_E3,AREA_HEAL_R3_E1,364000,SC_ITEM,30,SC_EVOLVE_R3,AREA_HEAL_R3_E4,1,
398,AREA_HEAL_R3_E4,AREA_HEAL_R3_E1,AREA_HEAL_R3_E1,683000,SC_ITEM,40,SC_EVOLVE_R3,AREA_HEAL_R3_E5,1
400,AREA_HEAL_R4_E1,AREA_HEAL_R4_E1,125000,SC_ITEM,10,SC_EVOLVE_R4,AREA_HEAL_R4_E2,1,
401,AREA_HEAL_R4_E2,AREA_HEAL_R4_E1,375000,SC_ITEM,20,SC_EVOLVE_R4,AREA_HEAL_R4_E3,1,
402,AREA_HEAL_R4_E3,AREA_HEAL_R4_E1,661000,SC_ITEM,30,SC_EVOLVE_R4,AREA_HEAL_R4_E4,1,
403,AREA_HEAL_R4_E4,AREA_HEAL_R4_E1,AREA_HEAL_R4_E1,1124000,SC_ITEM,40,SC_EVOLVE_R4,AREA_HEAL_R4_E5,1
405,AREA_HEAL_R5_E1,AREA_HEAL_R5_E1,1390000,SC_ITEM,10,SC_EVOLVE_R5,AREA_HEAL_R5_E2,1,
406,AREA_HEAL_R5_E2,AREA_HEAL_R5_E1,1640000,SC_ITEM,20,SC_EVOLVE_R5,AREA_HEAL_R5_E3,1,
407,AREA_HEAL_R5_E3,AREA_HEAL_R5_E1,1860000,SC_ITEM,30,SC_EVOLVE_R5,AREA_HEAL_R5_E4,1,
408,AREA_HEAL_R5_E4,AREA_HEAL_R5_E1,AREA_HEAL_R5_E1,2000000,SC_ITEM,40,SC_EVOLVE_R5,AREA_HEAL_R5_E5,1
409,SELF_HEAL_R1_E1,SELF_HEAL_R1_E1,9000,SC_ITEM,10,SC_EVOLVE_R1,SELF_HEAL_R1_E2,1,
410,SELF_HEAL_R1_E2,SELF_HEAL_R1_E1,10000,SC_ITEM,20,SC_EVOLVE_R1,SELF_HEAL_R1_E3,1,
411,SELF_HEAL_R1_E3,SELF_HEAL_R1_E1,12000,SC_ITEM,30,SC_EVOLVE_R1,SELF_HEAL_R1_E4,1,
412,SELF_HEAL_R1_E4,SELF_HEAL_R1_E1,SELF_HEAL_R1_E1,14000,SC_ITEM,40,SC_EVOLVE_R1,SELF_HEAL_R1_E5,1
414,SELF_HEAL_R2_E1,SELF_HEAL_R2_E1,12000,SC_ITEM,10,SC_EVOLVE_R2,SELF_HEAL_R2_E2,1,
415,SELF_HEAL_R2_E2,SELF_HEAL_R2_E1,20000,SC_ITEM,20,SC_EVOLVE_R2,SELF_HEAL_R2_E3,1,
416,SELF_HEAL_R2_E3,SELF_HEAL_R2_E1,70000,SC_ITEM,30,SC_EVOLVE_R2,SELF_HEAL_R2_E4,1,
417,SELF_HEAL_R2_E4,SELF_HEAL_R2_E1,SELF_HEAL_R2_E1,140000,SC_ITEM,40,SC_EVOLVE_R2,SELF_HEAL_R2_E5,1
419,SELF_HEAL_R3_E1,SELF_HEAL_R3_E1,55000,SC_ITEM,10,SC_EVOLVE_R3,SELF_HEAL_R3_E2,1,
420,SELF_HEAL_R3_E2,SELF_HEAL_R3_E1,137000,SC_ITEM,20,SC_EVOLVE_R3,SELF_HEAL_R3_E3,1,
421,SELF_HEAL_R3_E3,SELF_HEAL_R3_E1,364000,SC_ITEM,30,SC_EVOLVE_R3,SELF_HEAL_R3_E4,1,
422,SELF_HEAL_R3_E4,SELF_HEAL_R3_E1,SELF_HEAL_R3_E1,683000,SC_ITEM,40,SC_EVOLVE_R3,SELF_HEAL_R3_E5,1
424,SELF_HEAL_R4_E1,SELF_HEAL_R4_E1,125000,SC_ITEM,10,SC_EVOLVE_R4,SELF_HEAL_R4_E2,1,
425,SELF_HEAL_R4_E2,SELF_HEAL_R4_E1,375000,SC_ITEM,20,SC_EVOLVE_R4,SELF_HEAL_R4_E3,1,
426,SELF_HEAL_R4_E3,SELF_HEAL_R4_E1,661000,SC_ITEM,30,SC_EVOLVE_R4,SELF_HEAL_R4_E4,1,
427,SELF_HEAL_R4_E4,SELF_HEAL_R4_E1,SELF_HEAL_R4_E1,1124000,SC_ITEM,40,SC_EVOLVE_R4,SELF_HEAL_R4_E5,1
429,SELF_HEAL_R5_E1,SELF_HEAL_R5_E1,1390000,SC_ITEM,10,SC_EVOLVE_R5,SELF_HEAL_R5_E2,1,
430,SELF_HEAL_R5_E2,SELF_HEAL_R5_E1,1640000,SC_ITEM,20,SC_EVOLVE_R5,SELF_HEAL_R5_E3,1,
431,SELF_HEAL_R5_E3,SELF_HEAL_R5_E1,1860000,SC_ITEM,30,SC_EVOLVE_R5,SELF_HEAL_R5_E4,1,
432,SELF_HEAL_R5_E4,SELF_HEAL_R5_E1,SELF_HEAL_R5_E1,2000000,SC_ITEM,40,SC_EVOLVE_R5,SELF_HEAL_R5_E5,1
433,HEALTH_PACK_R1_E1,HEALTH_PACK_R1_E1,9000,SC_ITEM,10,SC_EVOLVE_R1,HEALTH_PACK_R1_E2,1,
434,HEALTH_PACK_R1_E2,HEALTH_PACK_R1_E1,10000,SC_ITEM,20,SC_EVOLVE_R1,HEALTH_PACK_R1_E3,1,
435,HEALTH_PACK_R1_E3,HEALTH_PACK_R1_E1,12000,SC_ITEM,30,SC_EVOLVE_R1,HEALTH_PACK_R1_E4,1,
436,HEALTH_PACK_R1_E4,HEALTH_PACK_R1_E1,HEALTH_PACK_R1_E1,14000,SC_ITEM,40,SC_EVOLVE_R1,HEALTH_PACK_R1_E5,1
438,HEALTH_PACK_R2_E1,HEALTH_PACK_R2_E1,12000,SC_ITEM,10,SC_EVOLVE_R2,HEALTH_PACK_R2_E2,1,
439,HEALTH_PACK_R2_E2,HEALTH_PACK_R2_E1,20000,SC_ITEM,20,SC_EVOLVE_R2,HEALTH_PACK_R2_E3,1,
440,HEALTH_PACK_R2_E3,HEALTH_PACK_R2_E1,70000,SC_ITEM,30,SC_EVOLVE_R2,HEALTH_PACK_R2_E4,1,
441,HEALTH_PACK_R2_E4,HEALTH_PACK_R2_E1,HEALTH_PACK_R2_E1,140000,SC_ITEM,40,SC_EVOLVE_R2,HEALTH_PACK_R2_E5,1
443,HEALTH_PACK_R3_E1,HEALTH_PACK_R3_E1,55000,SC_ITEM,10,SC_EVOLVE_R3,HEALTH_PACK_R3_E2,1,
444,HEALTH_PACK_R3_E2,HEALTH_PACK_R3_E1,137000,SC_ITEM,20,SC_EVOLVE_R3,HEALTH_PACK_R3_E3,1,
445,HEALTH_PACK_R3_E3,HEALTH_PACK_R3_E1,364000,SC_ITEM,30,SC_EVOLVE_R3,HEALTH_PACK_R3_E4,1,
446,HEALTH_PACK_R3_E4,HEALTH_PACK_R3_E1,HEALTH_PACK_R3_E1,683000,SC_ITEM,40,SC_EVOLVE_R3,HEALTH_PACK_R3_E5,1
448,HEALTH_PACK_R4_E1,HEALTH_PACK_R4_E1,125000,SC_ITEM,10,SC_EVOLVE_R4,HEALTH_PACK_R4_E2,1,
449,HEALTH_PACK_R4_E2,HEALTH_PACK_R4_E1,375000,SC_ITEM,20,SC_EVOLVE_R4,HEALTH_PACK_R4_E3,1,
450,HEALTH_PACK_R4_E3,HEALTH_PACK_R4_E1,661000,SC_ITEM,30,SC_EVOLVE_R4,HEALTH_PACK_R4_E4,1,
451,HEALTH_PACK_R4_E4,HEALTH_PACK_R4_E1,HEALTH_PACK_R4_E1,1124000,SC_ITEM,40,SC_EVOLVE_R4,HEALTH_PACK_R4_E5,1
453,HEALTH_PACK_R5_E1,HEALTH_PACK_R5_E1,1390000,SC_ITEM,10,SC_EVOLVE_R5,HEALTH_PACK_R5_E2,1,
454,HEALTH_PACK_R5_E2,HEALTH_PACK_R5_E1,1640000,SC_ITEM,20,SC_EVOLVE_R5,HEALTH_PACK_R5_E3,1,
455,HEALTH_PACK_R5_E3,HEALTH_PACK_R5_E1,1860000,SC_ITEM,30,SC_EVOLVE_R5,HEALTH_PACK_R5_E4,1,
456,HEALTH_PACK_R5_E4,HEALTH_PACK_R5_E1,HEALTH_PACK_R5_E1,2000000,SC_ITEM,40,SC_EVOLVE_R5,HEALTH_PACK_R5_E5,1
457,FREEZE_GUN_R1_E1,FREEZE_GUN_R1_E1,9000,SC_ITEM,10,SC_EVOLVE_R1,FREEZE_GUN_R1_E2,1,
458,FREEZE_GUN_R1_E2,FREEZE_GUN_R1_E1,10000,SC_ITEM,20,SC_EVOLVE_R1,FREEZE_GUN_R1_E3,1,
459,FREEZE_GUN_R1_E3,FREEZE_GUN_R1_E1,12000,SC_ITEM,30,SC_EVOLVE_R1,FREEZE_GUN_R1_E4,1,
460,FREEZE_GUN_R1_E4,FREEZE_GUN_R1_E1,FREEZE_GUN_R1_E1,14000,SC_ITEM,40,SC_EVOLVE_R1,FREEZE_GUN_R1_E5,1
462,FREEZE_GUN_R2_E1,FREEZE_GUN_R2_E1,12000,SC_ITEM,10,SC_EVOLVE_R2,FREEZE_GUN_R2_E2,1,
463,FREEZE_GUN_R2_E2,FREEZE_GUN_R2_E1,20000,SC_ITEM,20,SC_EVOLVE_R2,FREEZE_GUN_R2_E3,1,
464,FREEZE_GUN_R2_E3,FREEZE_GUN_R2_E1,70000,SC_ITEM,30,SC_EVOLVE_R2,FREEZE_GUN_R2_E4,1,
465,FREEZE_GUN_R2_E4,FREEZE_GUN_R2_E1,FREEZE_GUN_R2_E1,140000,SC_ITEM,40,SC_EVOLVE_R2,FREEZE_GUN_R2_E5,1
467,FREEZE_GUN_R3_E1,FREEZE_GUN_R3_E1,55000,SC_ITEM,10,SC_EVOLVE_R3,FREEZE_GUN_R3_E2,1,
468,FREEZE_GUN_R3_E2,FREEZE_GUN_R3_E1,137000,SC_ITEM,20,SC_EVOLVE_R3,FREEZE_GUN_R3_E3,1,
469,FREEZE_GUN_R3_E3,FREEZE_GUN_R3_E1,364000,SC_ITEM,30,SC_EVOLVE_R3,FREEZE_GUN_R3_E4,1,
470,FREEZE_GUN_R3_E4,FREEZE_GUN_R3_E1,FREEZE_GUN_R3_E1,683000,SC_ITEM,40,SC_EVOLVE_R3,FREEZE_GUN_R3_E5,1
472,FREEZE_GUN_R4_E1,FREEZE_GUN_R4_E1,125000,SC_ITEM,10,SC_EVOLVE_R4,FREEZE_GUN_R4_E2,1,
473,FREEZE_GUN_R4_E2,FREEZE_GUN_R4_E1,375000,SC_ITEM,20,SC_EVOLVE_R4,FREEZE_GUN_R4_E3,1,
474,FREEZE_GUN_R4_E3,FREEZE_GUN_R4_E1,661000,SC_ITEM,30,SC_EVOLVE_R4,FREEZE_GUN_R4_E4,1,
475,FREEZE_GUN_R4_E4,FREEZE_GUN_R4_E1,FREEZE_GUN_R4_E1,1124000,SC_ITEM,40,SC_EVOLVE_R4,FREEZE_GUN_R4_E5,1
477,FREEZE_GUN_R5_E1,FREEZE_GUN_R5_E1,1390000,SC_ITEM,10,SC_EVOLVE_R5,FREEZE_GUN_R5_E2,1,
478,FREEZE_GUN_R5_E2,FREEZE_GUN_R5_E1,1640000,SC_ITEM,20,SC_EVOLVE_R5,FREEZE_GUN_R5_E3,1,
479,FREEZE_GUN_R5_E3,FREEZE_GUN_R5_E1,1860000,SC_ITEM,30,SC_EVOLVE_R5,FREEZE_GUN_R5_E4,1,
480,FREEZE_GUN_R5_E4,FREEZE_GUN_R5_E1,FREEZE_GUN_R5_E1,2000000,SC_ITEM,40,SC_EVOLVE_R5,FREEZE_GUN_R5_E5,1
481,TESLA_STUN_R1_E1,TESLA_STUN_R1_E1,9000,SC_ITEM,10,SC_EVOLVE_R1,TESLA_STUN_R1_E2,1,
482,TESLA_STUN_R1_E2,TESLA_STUN_R1_E1,10000,SC_ITEM,20,SC_EVOLVE_R1,TESLA_STUN_R1_E3,1,
483,TESLA_STUN_R1_E3,TESLA_STUN_R1_E1,12000,SC_ITEM,30,SC_EVOLVE_R1,TESLA_STUN_R1_E4,1,
484,TESLA_STUN_R1_E4,TESLA_STUN_R1_E1,TESLA_STUN_R1_E1,14000,SC_ITEM,40,SC_EVOLVE_R1,TESLA_STUN_R1_E5,1
486,TESLA_STUN_R2_E1,TESLA_STUN_R2_E1,12000,SC_ITEM,10,SC_EVOLVE_R2,TESLA_STUN_R2_E2,1,
487,TESLA_STUN_R2_E2,TESLA_STUN_R2_E1,20000,SC_ITEM,20,SC_EVOLVE_R2,TESLA_STUN_R2_E3,1,
488,TESLA_STUN_R2_E3,TESLA_STUN_R2_E1,70000,SC_ITEM,30,SC_EVOLVE_R2,TESLA_STUN_R2_E4,1,
489,TESLA_STUN_R2_E4,TESLA_STUN_R2_E1,TESLA_STUN_R2_E1,140000,SC_ITEM,40,SC_EVOLVE_R2,TESLA_STUN_R2_E5,1
491,TESLA_STUN_R3_E1,TESLA_STUN_R3_E1,55000,SC_ITEM,10,SC_EVOLVE_R3,TESLA_STUN_R3_E2,1,
492,TESLA_STUN_R3_E2,TESLA_STUN_R3_E1,137000,SC_ITEM,20,SC_EVOLVE_R3,TESLA_STUN_R3_E3,1,
493,TESLA_STUN_R3_E3,TESLA_STUN_R3_E1,364000,SC_ITEM,30,SC_EVOLVE_R3,TESLA_STUN_R3_E4,1,
494,TESLA_STUN_R3_E4,TESLA_STUN_R3_E1,TESLA_STUN_R3_E1,683000,SC_ITEM,40,SC_EVOLVE_R3,TESLA_STUN_R3_E5,1
496,TESLA_STUN_R4_E1,TESLA_STUN_R4_E1,125000,SC_ITEM,10,SC_EVOLVE_R4,TESLA_STUN_R4_E2,1,
497,TESLA_STUN_R4_E2,TESLA_STUN_R4_E1,375000,SC_ITEM,20,SC_EVOLVE_R4,TESLA_STUN_R4_E3,1,
498,TESLA_STUN_R4_E3,TESLA_STUN_R4_E1,661000,SC_ITEM,30,SC_EVOLVE_R4,TESLA_STUN_R4_E4,1,
499,TESLA_STUN_R4_E4,TESLA_STUN_R4_E1,TESLA_STUN_R4_E1,1124000,SC_ITEM,40,SC_EVOLVE_R4,TESLA_STUN_R4_E5,1
501,TESLA_STUN_R5_E1,TESLA_STUN_R5_E1,1390000,SC_ITEM,10,SC_EVOLVE_R5,TESLA_STUN_R5_E2,1,
502,TESLA_STUN_R5_E2,TESLA_STUN_R5_E1,1640000,SC_ITEM,20,SC_EVOLVE_R5,TESLA_STUN_R5_E3,1,
503,TESLA_STUN_R5_E3,TESLA_STUN_R5_E1,1860000,SC_ITEM,30,SC_EVOLVE_R5,TESLA_STUN_R5_E4,1,
504,TESLA_STUN_R5_E4,TESLA_STUN_R5_E1,TESLA_STUN_R5_E1,2000000,SC_ITEM,40,SC_EVOLVE_R5,TESLA_STUN_R5_E5,1
505,MORTAR_BIG_R1_E1,MORTAR_BIG_R1_E1,9000,SC_ITEM,10,SC_EVOLVE_R1,MORTAR_BIG_R1_E2,1,
506,MORTAR_BIG_R1_E2,MORTAR_BIG_R1_E1,10000,SC_ITEM,20,SC_EVOLVE_R1,MORTAR_BIG_R1_E3,1,
507,MORTAR_BIG_R1_E3,MORTAR_BIG_R1_E1,12000,SC_ITEM,30,SC_EVOLVE_R1,MORTAR_BIG_R1_E4,1,
508,MORTAR_BIG_R1_E4,MORTAR_BIG_R1_E1,MORTAR_BIG_R1_E1,14000,SC_ITEM,40,SC_EVOLVE_R1,MORTAR_BIG_R1_E5,1
510,MORTAR_BIG_R2_E1,MORTAR_BIG_R2_E1,12000,SC_ITEM,10,SC_EVOLVE_R2,MORTAR_BIG_R2_E2,1,
511,MORTAR_BIG_R2_E2,MORTAR_BIG_R2_E1,20000,SC_ITEM,20,SC_EVOLVE_R2,MORTAR_BIG_R2_E3,1,
512,MORTAR_BIG_R2_E3,MORTAR_BIG_R2_E1,70000,SC_ITEM,30,SC_EVOLVE_R2,MORTAR_BIG_R2_E4,1,
513,MORTAR_BIG_R2_E4,MORTAR_BIG_R2_E1,MORTAR_BIG_R2_E1,140000,SC_ITEM,40,SC_EVOLVE_R2,MORTAR_BIG_R2_E5,1
515,MORTAR_BIG_R3_E1,MORTAR_BIG_R3_E1,55000,SC_ITEM,10,SC_EVOLVE_R3,MORTAR_BIG_R3_E2,1,
516,MORTAR_BIG_R3_E2,MORTAR_BIG_R3_E1,137000,SC_ITEM,20,SC_EVOLVE_R3,MORTAR_BIG_R3_E3,1,
517,MORTAR_BIG_R3_E3,MORTAR_BIG_R3_E1,364000,SC_ITEM,30,SC_EVOLVE_R3,MORTAR_BIG_R3_E4,1,
518,MORTAR_BIG_R3_E4,MORTAR_BIG_R3_E1,MORTAR_BIG_R3_E1,683000,SC_ITEM,40,SC_EVOLVE_R3,MORTAR_BIG_R3_E5,1
520,MORTAR_BIG_R4_E1,MORTAR_BIG_R4_E1,125000,SC_ITEM,10,SC_EVOLVE_R4,MORTAR_BIG_R4_E2,1,
521,MORTAR_BIG_R4_E2,MORTAR_BIG_R4_E1,375000,SC_ITEM,20,SC_EVOLVE_R4,MORTAR_BIG_R4_E3,1,
522,MORTAR_BIG_R4_E3,MORTAR_BIG_R4_E1,661000,SC_ITEM,30,SC_EVOLVE_R4,MORTAR_BIG_R4_E4,1,
523,MORTAR_BIG_R4_E4,MORTAR_BIG_R4_E1,MORTAR_BIG_R4_E1,1124000,SC_ITEM,40,SC_EVOLVE_R4,MORTAR_BIG_R4_E5,1
525,MORTAR_BIG_R5_E1,MORTAR_BIG_R5_E1,1390000,SC_ITEM,10,SC_EVOLVE_R5,MORTAR_BIG_R5_E2,1,
526,MORTAR_BIG_R5_E2,MORTAR_BIG_R5_E1,1640000,SC_ITEM,20,SC_EVOLVE_R5,MORTAR_BIG_R5_E3,1,
527,MORTAR_BIG_R5_E3,MORTAR_BIG_R5_E1,1860000,SC_ITEM,30,SC_EVOLVE_R5,MORTAR_BIG_R5_E4,1,
528,MORTAR_BIG_R5_E4,MORTAR_BIG_R5_E1,MORTAR_BIG_R5_E1,2000000,SC_ITEM,40,SC_EVOLVE_R5,MORTAR_BIG_R5_E5,1
529,SHIELD_BIG_R1_E1,SHIELD_BIG_R1_E1,9000,SC_ITEM,10,SC_EVOLVE_R1,SHIELD_BIG_R1_E2,1,
530,SHIELD_BIG_R1_E2,SHIELD_BIG_R1_E1,10000,SC_ITEM,20,SC_EVOLVE_R1,SHIELD_BIG_R1_E3,1,
531,SHIELD_BIG_R1_E3,SHIELD_BIG_R1_E1,12000,SC_ITEM,30,SC_EVOLVE_R1,SHIELD_BIG_R1_E4,1,
532,SHIELD_BIG_R1_E4,SHIELD_BIG_R1_E1,SHIELD_BIG_R1_E1,14000,SC_ITEM,40,SC_EVOLVE_R1,SHIELD_BIG_R1_E5,1
534,SHIELD_BIG_R2_E1,SHIELD_BIG_R2_E1,12000,SC_ITEM,10,SC_EVOLVE_R2,SHIELD_BIG_R2_E2,1,
535,SHIELD_BIG_R2_E2,SHIELD_BIG_R2_E1,20000,SC_ITEM,20,SC_EVOLVE_R2,SHIELD_BIG_R2_E3,1,
536,SHIELD_BIG_R2_E3,SHIELD_BIG_R2_E1,70000,SC_ITEM,30,SC_EVOLVE_R2,SHIELD_BIG_R2_E4,1,
537,SHIELD_BIG_R2_E4,SHIELD_BIG_R2_E1,SHIELD_BIG_R2_E1,140000,SC_ITEM,40,SC_EVOLVE_R2,SHIELD_BIG_R2_E5,1
539,SHIELD_BIG_R3_E1,SHIELD_BIG_R3_E1,55000,SC_ITEM,10,SC_EVOLVE_R3,SHIELD_BIG_R3_E2,1,
540,SHIELD_BIG_R3_E2,SHIELD_BIG_R3_E1,137000,SC_ITEM,20,SC_EVOLVE_R3,SHIELD_BIG_R3_E3,1,
541,SHIELD_BIG_R3_E3,SHIELD_BIG_R3_E1,364000,SC_ITEM,30,SC_EVOLVE_R3,SHIELD_BIG_R3_E4,1,
542,SHIELD_BIG_R3_E4,SHIELD_BIG_R3_E1,SHIELD_BIG_R3_E1,683000,SC_ITEM,40,SC_EVOLVE_R3,SHIELD_BIG_R3_E5,1
544,SHIELD_BIG_R4_E1,SHIELD_BIG_R4_E1,125000,SC_ITEM,10,SC_EVOLVE_R4,SHIELD_BIG_R4_E2,1,
545,SHIELD_BIG_R4_E2,SHIELD_BIG_R4_E1,375000,SC_ITEM,20,SC_EVOLVE_R4,SHIELD_BIG_R4_E3,1,
546,SHIELD_BIG_R4_E3,SHIELD_BIG_R4_E1,661000,SC_ITEM,30,SC_EVOLVE_R4,SHIELD_BIG_R4_E4,1,
547,SHIELD_BIG_R4_E4,SHIELD_BIG_R4_E1,SHIELD_BIG_R4_E1,1124000,SC_ITEM,40,SC_EVOLVE_R4,SHIELD_BIG_R4_E5,1
549,SHIELD_BIG_R5_E1,SHIELD_BIG_R5_E1,1390000,SC_ITEM,10,SC_EVOLVE_R5,SHIELD_BIG_R5_E2,1,
550,SHIELD_BIG_R5_E2,SHIELD_BIG_R5_E1,1640000,SC_ITEM,20,SC_EVOLVE_R5,SHIELD_BIG_R5_E3,1,
551,SHIELD_BIG_R5_E3,SHIELD_BIG_R5_E1,1860000,SC_ITEM,30,SC_EVOLVE_R5,SHIELD_BIG_R5_E4,1,
552,SHIELD_BIG_R5_E4,SHIELD_BIG_R5_E1,SHIELD_BIG_R5_E1,2000000,SC_ITEM,40,SC_EVOLVE_R5,SHIELD_BIG_R5_E5,1
553,RAILGUN_R1_E1,RAILGUN_R1_E1,9000,SC_ITEM,10,SC_EVOLVE_R1,RAILGUN_R1_E2,1,
554,RAILGUN_R1_E2,RAILGUN_R1_E1,10000,SC_ITEM,20,SC_EVOLVE_R1,RAILGUN_R1_E3,1,
555,RAILGUN_R1_E3,RAILGUN_R1_E1,12000,SC_ITEM,30,SC_EVOLVE_R1,RAILGUN_R1_E4,1,
556,RAILGUN_R1_E4,RAILGUN_R1_E1,RAILGUN_R1_E1,14000,SC_ITEM,40,SC_EVOLVE_R1,RAILGUN_R1_E5,1
558,RAILGUN_R2_E1,RAILGUN_R2_E1,12000,SC_ITEM,10,SC_EVOLVE_R2,RAILGUN_R2_E2,1,
559,RAILGUN_R2_E2,RAILGUN_R2_E1,20000,SC_ITEM,20,SC_EVOLVE_R2,RAILGUN_R2_E3,1,
560,RAILGUN_R2_E3,RAILGUN_R2_E1,70000,SC_ITEM,30,SC_EVOLVE_R2,RAILGUN_R2_E4,1,
561,RAILGUN_R2_E4,RAILGUN_R2_E1,RAILGUN_R2_E1,140000,SC_ITEM,40,SC_EVOLVE_R2,RAILGUN_R2_E5,1
563,RAILGUN_R3_E1,RAILGUN_R3_E1,55000,SC_ITEM,10,SC_EVOLVE_R3,RAILGUN_R3_E2,1,
564,RAILGUN_R3_E2,RAILGUN_R3_E1,137000,SC_ITEM,20,SC_EVOLVE_R3,RAILGUN_R3_E3,1,
565,RAILGUN_R3_E3,RAILGUN_R3_E1,364000,SC_ITEM,30,SC_EVOLVE_R3,RAILGUN_R3_E4,1,
566,RAILGUN_R3_E4,RAILGUN_R3_E1,RAILGUN_R3_E1,683000,SC_ITEM,40,SC_EVOLVE_R3,RAILGUN_R3_E5,1
568,RAILGUN_R4_E1,RAILGUN_R4_E1,125000,SC_ITEM,10,SC_EVOLVE_R4,RAILGUN_R4_E2,1,
569,RAILGUN_R4_E2,RAILGUN_R4_E1,375000,SC_ITEM,20,SC_EVOLVE_R4,RAILGUN_R4_E3,1,
570,RAILGUN_R4_E3,RAILGUN_R4_E1,661000,SC_ITEM,30,SC_EVOLVE_R4,RAILGUN_R4_E4,1,
571,RAILGUN_R4_E4,RAILGUN_R4_E1,RAILGUN_R4_E1,1124000,SC_ITEM,40,SC_EVOLVE_R4,RAILGUN_R4_E5,1
573,RAILGUN_R5_E1,RAILGUN_R5_E1,1390000,SC_ITEM,10,SC_EVOLVE_R5,RAILGUN_R5_E2,1,
574,RAILGUN_R5_E2,RAILGUN_R5_E1,1640000,SC_ITEM,20,SC_EVOLVE_R5,RAILGUN_R5_E3,1,
575,RAILGUN_R5_E3,RAILGUN_R5_E1,1860000,SC_ITEM,30,SC_EVOLVE_R5,RAILGUN_R5_E4,1,
576,RAILGUN_R5_E4,RAILGUN_R5_E1,RAILGUN_R5_E1,2000000,SC_ITEM,40,SC_EVOLVE_R5,RAILGUN_R5_E5,1
577,MISSILE_R1_E1,MISSILE_R1_E1,9000,SC_ITEM,10,SC_EVOLVE_R1,MISSILE_R1_E2,1,
578,MISSILE_R1_E2,MISSILE_R1_E1,10000,SC_ITEM,20,SC_EVOLVE_R1,MISSILE_R1_E3,1,
579,MISSILE_R1_E3,MISSILE_R1_E1,12000,SC_ITEM,30,SC_EVOLVE_R1,MISSILE_R1_E4,1,
580,MISSILE_R1_E4,MISSILE_R1_E1,MISSILE_R1_E1,14000,SC_ITEM,40,SC_EVOLVE_R1,MISSILE_R1_E5,1
582,MISSILE_R2_E1,MISSILE_R2_E1,12000,SC_ITEM,10,SC_EVOLVE_R2,MISSILE_R2_E2,1,
583,MISSILE_R2_E2,MISSILE_R2_E1,20000,SC_ITEM,20,SC_EVOLVE_R2,MISSILE_R2_E3,1,
584,MISSILE_R2_E3,MISSILE_R2_E1,70000,SC_ITEM,30,SC_EVOLVE_R2,MISSILE_R2_E4,1,
585,MISSILE_R2_E4,MISSILE_R2_E1,MISSILE_R2_E1,140000,SC_ITEM,40,SC_EVOLVE_R2,MISSILE_R2_E5,1
587,MISSILE_R3_E1,MISSILE_R3_E1,55000,SC_ITEM,10,SC_EVOLVE_R3,MISSILE_R3_E2,1,
588,MISSILE_R3_E2,MISSILE_R3_E1,137000,SC_ITEM,20,SC_EVOLVE_R3,MISSILE_R3_E3,1,
589,MISSILE_R3_E3,MISSILE_R3_E1,364000,SC_ITEM,30,SC_EVOLVE_R3,MISSILE_R3_E4,1,
590,MISSILE_R3_E4,MISSILE_R3_E1,MISSILE_R3_E1,683000,SC_ITEM,40,SC_EVOLVE_R3,MISSILE_R3_E5,1
592,MISSILE_R4_E1,MISSILE_R4_E1,125000,SC_ITEM,10,SC_EVOLVE_R4,MISSILE_R4_E2,1,
593,MISSILE_R4_E2,MISSILE_R4_E1,375000,SC_ITEM,20,SC_EVOLVE_R4,MISSILE_R4_E3,1,
594,MISSILE_R4_E3,MISSILE_R4_E1,661000,SC_ITEM,30,SC_EVOLVE_R4,MISSILE_R4_E4,1,
595,MISSILE_R4_E4,MISSILE_R4_E1,MISSILE_R4_E1,1124000,SC_ITEM,40,SC_EVOLVE_R4,MISSILE_R4_E5,1
597,MISSILE_R5_E1,MISSILE_R5_E1,1390000,SC_ITEM,10,SC_EVOLVE_R5,MISSILE_R5_E2,1,
598,MISSILE_R5_E2,MISSILE_R5_E1,1640000,SC_ITEM,20,SC_EVOLVE_R5,MISSILE_R5_E3,1,
599,MISSILE_R5_E3,MISSILE_R5_E1,1860000,SC_ITEM,30,SC_EVOLVE_R5,MISSILE_R5_E4,1,
600,MISSILE_R5_E4,MISSILE_R5_E1,MISSILE_R5_E1,2000000,SC_ITEM,40,SC_EVOLVE_R5,MISSILE_R5_E5,1
601,MINE_R1_E1,MINE_R1_E1,9000,SC_ITEM,10,SC_EVOLVE_R1,MINE_R1_E2,1,
602,MINE_R1_E2,MINE_R1_E1,10000,SC_ITEM,20,SC_EVOLVE_R1,MINE_R1_E3,1,
603,MINE_R1_E3,MINE_R1_E1,12000,SC_ITEM,30,SC_EVOLVE_R1,MINE_R1_E4,1,
604,MINE_R1_E4,MINE_R1_E1,MINE_R1_E1,14000,SC_ITEM,40,SC_EVOLVE_R1,MINE_R1_E5,1
606,MINE_R2_E1,MINE_R2_E1,12000,SC_ITEM,10,SC_EVOLVE_R2,MINE_R2_E2,1,
607,MINE_R2_E2,MINE_R2_E1,20000,SC_ITEM,20,SC_EVOLVE_R2,MINE_R2_E3,1,
608,MINE_R2_E3,MINE_R2_E1,70000,SC_ITEM,30,SC_EVOLVE_R2,MINE_R2_E4,1,
609,MINE_R2_E4,MINE_R2_E1,MINE_R2_E1,140000,SC_ITEM,40,SC_EVOLVE_R2,MINE_R2_E5,1
611,MINE_R3_E1,MINE_R3_E1,55000,SC_ITEM,10,SC_EVOLVE_R3,MINE_R3_E2,1,
612,MINE_R3_E2,MINE_R3_E1,137000,SC_ITEM,20,SC_EVOLVE_R3,MINE_R3_E3,1,
613,MINE_R3_E3,MINE_R3_E1,364000,SC_ITEM,30,SC_EVOLVE_R3,MINE_R3_E4,1,
614,MINE_R3_E4,MINE_R3_E1,MINE_R3_E1,683000,SC_ITEM,40,SC_EVOLVE_R3,MINE_R3_E5,1
616,MINE_R4_E1,MINE_R4_E1,125000,SC_ITEM,10,SC_EVOLVE_R4,MINE_R4_E2,1,
617,MINE_R4_E2,MINE_R4_E1,375000,SC_ITEM,20,SC_EVOLVE_R4,MINE_R4_E3,1,
618,MINE_R4_E3,MINE_R4_E1,661000,SC_ITEM,30,SC_EVOLVE_R4,MINE_R4_E4,1,
619,MINE_R4_E4,MINE_R4_E1,MINE_R4_E1,1124000,SC_ITEM,40,SC_EVOLVE_R4,MINE_R4_E5,1
621,MINE_R5_E1,MINE_R5_E1,1390000,SC_ITEM,10,SC_EVOLVE_R5,MINE_R5_E2,1,
622,MINE_R5_E2,MINE_R5_E1,1640000,SC_ITEM,20,SC_EVOLVE_R5,MINE_R5_E3,1,
623,MINE_R5_E3,MINE_R5_E1,1860000,SC_ITEM,30,SC_EVOLVE_R5,MINE_R5_E4,1,
624,MINE_R5_E4,MINE_R5_E1,MINE_R5_E1,2000000,SC_ITEM,40,SC_EVOLVE_R5,MINE_R5_E5,1
625,FLARE_GUN_R1_E1,FLARE_GUN_R1_E1,9000,SC_ITEM,10,SC_EVOLVE_R1,FLARE_GUN_R1_E2,1,
626,FLARE_GUN_R1_E2,FLARE_GUN_R1_E1,10000,SC_ITEM,20,SC_EVOLVE_R1,FLARE_GUN_R1_E3,1,
627,FLARE_GUN_R1_E3,FLARE_GUN_R1_E1,12000,SC_ITEM,30,SC_EVOLVE_R1,FLARE_GUN_R1_E4,1,
628,FLARE_GUN_R1_E4,FLARE_GUN_R1_E1,FLARE_GUN_R1_E1,14000,SC_ITEM,40,SC_EVOLVE_R1,FLARE_GUN_R1_E5,1
630,FLARE_GUN_R2_E1,FLARE_GUN_R2_E1,12000,SC_ITEM,10,SC_EVOLVE_R2,FLARE_GUN_R2_E2,1,
631,FLARE_GUN_R2_E2,FLARE_GUN_R2_E1,20000,SC_ITEM,20,SC_EVOLVE_R2,FLARE_GUN_R2_E3,1,
632,FLARE_GUN_R2_E3,FLARE_GUN_R2_E1,70000,SC_ITEM,30,SC_EVOLVE_R2,FLARE_GUN_R2_E4,1,
633,FLARE_GUN_R2_E4,FLARE_GUN_R2_E1,FLARE_GUN_R2_E1,140000,SC_ITEM,40,SC_EVOLVE_R2,FLARE_GUN_R2_E5,1
635,FLARE_GUN_R3_E1,FLARE_GUN_R3_E1,55000,SC_ITEM,10,SC_EVOLVE_R3,FLARE_GUN_R3_E2,1,
636,FLARE_GUN_R3_E2,FLARE_GUN_R3_E1,137000,SC_ITEM,20,SC_EVOLVE_R3,FLARE_GUN_R3_E3,1,
637,FLARE_GUN_R3_E3,FLARE_GUN_R3_E1,364000,SC_ITEM,30,SC_EVOLVE_R3,FLARE_GUN_R3_E4,1,
638,FLARE_GUN_R3_E4,FLARE_GUN_R3_E1,FLARE_GUN_R3_E1,683000,SC_ITEM,40,SC_EVOLVE_R3,FLARE_GUN_R3_E5,1
640,FLARE_GUN_R4_E1,FLARE_GUN_R4_E1,125000,SC_ITEM,10,SC_EVOLVE_R4,FLARE_GUN_R4_E2,1,
641,FLARE_GUN_R4_E2,FLARE_GUN_R4_E1,375000,SC_ITEM,20,SC_EVOLVE_R4,FLARE_GUN_R4_E3,1,
642,FLARE_GUN_R4_E3,FLARE_GUN_R4_E1,661000,SC_ITEM,30,SC_EVOLVE_R4,FLARE_GUN_R4_E4,1,
643,FLARE_GUN_R4_E4,FLARE_GUN_R4_E1,FLARE_GUN_R4_E1,1124000,SC_ITEM,40,SC_EVOLVE_R4,FLARE_GUN_R4_E5,1
645,FLARE_GUN_R5_E1,FLARE_GUN_R5_E1,1390000,SC_ITEM,10,SC_EVOLVE_R5,FLARE_GUN_R5_E2,1,
646,FLARE_GUN_R5_E2,FLARE_GUN_R5_E1,1640000,SC_ITEM,20,SC_EVOLVE_R5,FLARE_GUN_R5_E3,1,
647,FLARE_GUN_R5_E3,FLARE_GUN_R5_E1,1860000,SC_ITEM,30,SC_EVOLVE_R5,FLARE_GUN_R5_E4,1,
648,FLARE_GUN_R5_E4,FLARE_GUN_R5_E1,FLARE_GUN_R5_E1,2000000,SC_ITEM,40,SC_EVOLVE_R5,FLARE_GUN_R5_E5,1
649,REGEN_R1_E1,REGEN_R1_E1,9000,SC_ITEM,10,SC_EVOLVE_R1,REGEN_R1_E2,1,
650,REGEN_R1_E2,REGEN_R1_E1,10000,SC_ITEM,20,SC_EVOLVE_R1,REGEN_R1_E3,1,
651,REGEN_R1_E3,REGEN_R1_E1,12000,SC_ITEM,30,SC_EVOLVE_R1,REGEN_R1_E4,1,
652,REGEN_R1_E4,REGEN_R1_E1,REGEN_R1_E1,14000,SC_ITEM,40,SC_EVOLVE_R1,REGEN_R1_E5,1
654,REGEN_R2_E1,REGEN_R2_E1,12000,SC_ITEM,10,SC_EVOLVE_R2,REGEN_R2_E2,1,
655,REGEN_R2_E2,REGEN_R2_E1,20000,SC_ITEM,20,SC_EVOLVE_R2,REGEN_R2_E3,1,
656,REGEN_R2_E3,REGEN_R2_E1,70000,SC_ITEM,30,SC_EVOLVE_R2,REGEN_R2_E4,1,
657,REGEN_R2_E4,REGEN_R2_E1,REGEN_R2_E1,140000,SC_ITEM,40,SC_EVOLVE_R2,REGEN_R2_E5,1
659,REGEN_R3_E1,REGEN_R3_E1,55000,SC_ITEM,10,SC_EVOLVE_R3,REGEN_R3_E2,1,
660,REGEN_R3_E2,REGEN_R3_E1,137000,SC_ITEM,20,SC_EVOLVE_R3,REGEN_R3_E3,1,
661,REGEN_R3_E3,REGEN_R3_E1,364000,SC_ITEM,30,SC_EVOLVE_R3,REGEN_R3_E4,1,
662,REGEN_R3_E4,REGEN_R3_E1,REGEN_R3_E1,683000,SC_ITEM,40,SC_EVOLVE_R3,REGEN_R3_E5,1
664,REGEN_R4_E1,REGEN_R4_E1,125000,SC_ITEM,10,SC_EVOLVE_R4,REGEN_R4_E2,1,
665,REGEN_R4_E2,REGEN_R4_E1,375000,SC_ITEM,20,SC_EVOLVE_R4,REGEN_R4_E3,1,
666,REGEN_R4_E3,REGEN_R4_E1,661000,SC_ITEM,30,SC_EVOLVE_R4,REGEN_R4_E4,1,
667,REGEN_R4_E4,REGEN_R4_E1,REGEN_R4_E1,1124000,SC_ITEM,40,SC_EVOLVE_R4,REGEN_R4_E5,1
669,REGEN_R5_E1,REGEN_R5_E1,1390000,SC_ITEM,10,SC_EVOLVE_R5,REGEN_R5_E2,1,
670,REGEN_R5_E2,REGEN_R5_E1,1640000,SC_ITEM,20,SC_EVOLVE_R5,REGEN_R5_E3,1,
671,REGEN_R5_E3,REGEN_R5_E1,1860000,SC_ITEM,30,SC_EVOLVE_R5,REGEN_R5_E4,1,
672,REGEN_R5_E4,REGEN_R5_E1,REGEN_R5_E1,2000000,SC_ITEM,40,SC_EVOLVE_R5,REGEN_R5_E5,1
673,TORPEDO_TRIPLE_R1_E1,TORPEDO_TRIPLE_R1_E1,9000,SC_ITEM,10,SC_EVOLVE_R1,TORPEDO_TRIPLE_R1_E2,1,
674,TORPEDO_TRIPLE_R1_E2,TORPEDO_TRIPLE_R1_E1,10000,SC_ITEM,20,SC_EVOLVE_R1,TORPEDO_TRIPLE_R1_E3,1,
675,TORPEDO_TRIPLE_R1_E3,TORPEDO_TRIPLE_R1_E1,12000,SC_ITEM,30,SC_EVOLVE_R1,TORPEDO_TRIPLE_R1_E4,1,
676,TORPEDO_TRIPLE_R1_E4,TORPEDO_TRIPLE_R1_E1,TORPEDO_TRIPLE_R1_E1,14000,SC_ITEM,40,SC_EVOLVE_R1,TORPEDO_TRIPLE_R1_E5,1
678,TORPEDO_TRIPLE_R2_E1,TORPEDO_TRIPLE_R2_E1,12000,SC_ITEM,10,SC_EVOLVE_R2,TORPEDO_TRIPLE_R2_E2,1,
679,TORPEDO_TRIPLE_R2_E2,TORPEDO_TRIPLE_R2_E1,20000,SC_ITEM,20,SC_EVOLVE_R2,TORPEDO_TRIPLE_R2_E3,1,
680,TORPEDO_TRIPLE_R2_E3,TORPEDO_TRIPLE_R2_E1,70000,SC_ITEM,30,SC_EVOLVE_R2,TORPEDO_TRIPLE_R2_E4,1,
681,TORPEDO_TRIPLE_R2_E4,TORPEDO_TRIPLE_R2_E1,TORPEDO_TRIPLE_R2_E1,140000,SC_ITEM,40,SC_EVOLVE_R2,TORPEDO_TRIPLE_R2_E5,1
683,TORPEDO_TRIPLE_R3_E1,TORPEDO_TRIPLE_R3_E1,55000,SC_ITEM,10,SC_EVOLVE_R3,TORPEDO_TRIPLE_R3_E2,1,
684,TORPEDO_TRIPLE_R3_E2,TORPEDO_TRIPLE_R3_E1,137000,SC_ITEM,20,SC_EVOLVE_R3,TORPEDO_TRIPLE_R3_E3,1,
685,TORPEDO_TRIPLE_R3_E3,TORPEDO_TRIPLE_R3_E1,364000,SC_ITEM,30,SC_EVOLVE_R3,TORPEDO_TRIPLE_R3_E4,1,
686,TORPEDO_TRIPLE_R3_E4,TORPEDO_TRIPLE_R3_E1,TORPEDO_TRIPLE_R3_E1,683000,SC_ITEM,40,SC_EVOLVE_R3,TORPEDO_TRIPLE_R3_E5,1
688,TORPEDO_TRIPLE_R4_E1,TORPEDO_TRIPLE_R4_E1,125000,SC_ITEM,10,SC_EVOLVE_R4,TORPEDO_TRIPLE_R4_E2,1,
689,TORPEDO_TRIPLE_R4_E2,TORPEDO_TRIPLE_R4_E1,375000,SC_ITEM,20,SC_EVOLVE_R4,TORPEDO_TRIPLE_R4_E3,1,
690,TORPEDO_TRIPLE_R4_E3,TORPEDO_TRIPLE_R4_E1,661000,SC_ITEM,30,SC_EVOLVE_R4,TORPEDO_TRIPLE_R4_E4,1,
691,TORPEDO_TRIPLE_R4_E4,TORPEDO_TRIPLE_R4_E1,TORPEDO_TRIPLE_R4_E1,1124000,SC_ITEM,40,SC_EVOLVE_R4,TORPEDO_TRIPLE_R4_E5,1
693,TORPEDO_TRIPLE_R5_E1,TORPEDO_TRIPLE_R5_E1,1390000,SC_ITEM,10,SC_EVOLVE_R5,TORPEDO_TRIPLE_R5_E2,1,
694,TORPEDO_TRIPLE_R5_E2,TORPEDO_TRIPLE_R5_E1,1640000,SC_ITEM,20,SC_EVOLVE_R5,TORPEDO_TRIPLE_R5_E3,1,
695,TORPEDO_TRIPLE_R5_E3,TORPEDO_TRIPLE_R5_E1,1860000,SC_ITEM,30,SC_EVOLVE_R5,TORPEDO_TRIPLE_R5_E4,1,
696,TORPEDO_TRIPLE_R5_E4,TORPEDO_TRIPLE_R5_E1,TORPEDO_TRIPLE_R5_E1,2000000,SC_ITEM,40,SC_EVOLVE_R5,TORPEDO_TRIPLE_R5_E5,1
697,AREA_SLOW_R1_E1,AREA_SLOW_R1_E1,9000,SC_ITEM,10,SC_EVOLVE_R1,AREA_SLOW_R1_E2,1,
698,AREA_SLOW_R1_E2,AREA_SLOW_R1_E1,10000,SC_ITEM,20,SC_EVOLVE_R1,AREA_SLOW_R1_E3,1,
699,AREA_SLOW_R1_E3,AREA_SLOW_R1_E1,12000,SC_ITEM,30,SC_EVOLVE_R1,AREA_SLOW_R1_E4,1,
700,AREA_SLOW_R1_E4,AREA_SLOW_R1_E1,AREA_SLOW_R1_E1,14000,SC_ITEM,40,SC_EVOLVE_R1,AREA_SLOW_R1_E5,1
702,AREA_SLOW_R2_E1,AREA_SLOW_R2_E1,12000,SC_ITEM,10,SC_EVOLVE_R2,AREA_SLOW_R2_E2,1,
703,AREA_SLOW_R2_E2,AREA_SLOW_R2_E1,20000,SC_ITEM,20,SC_EVOLVE_R2,AREA_SLOW_R2_E3,1,
704,AREA_SLOW_R2_E3,AREA_SLOW_R2_E1,70000,SC_ITEM,30,SC_EVOLVE_R2,AREA_SLOW_R2_E4,1,
705,AREA_SLOW_R2_E4,AREA_SLOW_R2_E1,AREA_SLOW_R2_E1,140000,SC_ITEM,40,SC_EVOLVE_R2,AREA_SLOW_R2_E5,1
707,AREA_SLOW_R3_E1,AREA_SLOW_R3_E1,55000,SC_ITEM,10,SC_EVOLVE_R3,AREA_SLOW_R3_E2,1,
708,AREA_SLOW_R3_E2,AREA_SLOW_R3_E1,137000,SC_ITEM,20,SC_EVOLVE_R3,AREA_SLOW_R3_E3,1,
709,AREA_SLOW_R3_E3,AREA_SLOW_R3_E1,364000,SC_ITEM,30,SC_EVOLVE_R3,AREA_SLOW_R3_E4,1,
710,AREA_SLOW_R3_E4,AREA_SLOW_R3_E1,AREA_SLOW_R3_E1,683000,SC_ITEM,40,SC_EVOLVE_R3,AREA_SLOW_R3_E5,1
712,AREA_SLOW_R4_E1,AREA_SLOW_R4_E1,125000,SC_ITEM,10,SC_EVOLVE_R4,AREA_SLOW_R4_E2,1,
713,AREA_SLOW_R4_E2,AREA_SLOW_R4_E1,375000,SC_ITEM,20,SC_EVOLVE_R4,AREA_SLOW_R4_E3,1,
714,AREA_SLOW_R4_E3,AREA_SLOW_R4_E1,661000,SC_ITEM,30,SC_EVOLVE_R4,AREA_SLOW_R4_E4,1,
715,AREA_SLOW_R4_E4,AREA_SLOW_R4_E1,AREA_SLOW_R4_E1,1124000,SC_ITEM,40,SC_EVOLVE_R4,AREA_SLOW_R4_E5,1
717,AREA_SLOW_R5_E1,AREA_SLOW_R5_E1,1390000,SC_ITEM,10,SC_EVOLVE_R5,AREA_SLOW_R5_E2,1,
718,AREA_SLOW_R5_E2,AREA_SLOW_R5_E1,1640000,SC_ITEM,20,SC_EVOLVE_R5,AREA_SLOW_R5_E3,1,
719,AREA_SLOW_R5_E3,AREA_SLOW_R5_E1,1860000,SC_ITEM,30,SC_EVOLVE_R5,AREA_SLOW_R5_E4,1,
720,AREA_SLOW_R5_E4,AREA_SLOW_R5_E1,AREA_SLOW_R5_E1,2000000,SC_ITEM,40,SC_EVOLVE_R5,AREA_SLOW_R5_E5,1
721,FIRE_BOMB_R1_E1,FIRE_BOMB_R1_E1,9000,SC_ITEM,10,SC_EVOLVE_R1,FIRE_BOMB_R1_E2,1,
722,FIRE_BOMB_R1_E2,FIRE_BOMB_R1_E1,10000,SC_ITEM,20,SC_EVOLVE_R1,FIRE_BOMB_R1_E3,1,
723,FIRE_BOMB_R1_E3,FIRE_BOMB_R1_E1,12000,SC_ITEM,30,SC_EVOLVE_R1,FIRE_BOMB_R1_E4,1,
724,FIRE_BOMB_R1_E4,FIRE_BOMB_R1_E1,FIRE_BOMB_R1_E1,14000,SC_ITEM,40,SC_EVOLVE_R1,FIRE_BOMB_R1_E5,1
726,FIRE_BOMB_R2_E1,FIRE_BOMB_R2_E1,12000,SC_ITEM,10,SC_EVOLVE_R2,FIRE_BOMB_R2_E2,1,
727,FIRE_BOMB_R2_E2,FIRE_BOMB_R2_E1,20000,SC_ITEM,20,SC_EVOLVE_R2,FIRE_BOMB_R2_E3,1,
728,FIRE_BOMB_R2_E3,FIRE_BOMB_R2_E1,70000,SC_ITEM,30,SC_EVOLVE_R2,FIRE_BOMB_R2_E4,1,
729,FIRE_BOMB_R2_E4,FIRE_BOMB_R2_E1,FIRE_BOMB_R2_E1,140000,SC_ITEM,40,SC_EVOLVE_R2,FIRE_BOMB_R2_E5,1
731,FIRE_BOMB_R3_E1,FIRE_BOMB_R3_E1,55000,SC_ITEM,10,SC_EVOLVE_R3,FIRE_BOMB_R3_E2,1,
732,FIRE_BOMB_R3_E2,FIRE_BOMB_R3_E1,137000,SC_ITEM,20,SC_EVOLVE_R3,FIRE_BOMB_R3_E3,1,
733,FIRE_BOMB_R3_E3,FIRE_BOMB_R3_E1,364000,SC_ITEM,30,SC_EVOLVE_R3,FIRE_BOMB_R3_E4,1,
734,FIRE_BOMB_R3_E4,FIRE_BOMB_R3_E1,FIRE_BOMB_R3_E1,683000,SC_ITEM,40,SC_EVOLVE_R3,FIRE_BOMB_R3_E5,1
736,FIRE_BOMB_R4_E1,FIRE_BOMB_R4_E1,125000,SC_ITEM,10,SC_EVOLVE_R4,FIRE_BOMB_R4_E2,1,
737,FIRE_BOMB_R4_E2,FIRE_BOMB_R4_E1,375000,SC_ITEM,20,SC_EVOLVE_R4,FIRE_BOMB_R4_E3,1,
738,FIRE_BOMB_R4_E3,FIRE_BOMB_R4_E1,661000,SC_ITEM,30,SC_EVOLVE_R4,FIRE_BOMB_R4_E4,1,
739,FIRE_BOMB_R4_E4,FIRE_BOMB_R4_E1,FIRE_BOMB_R4_E1,1124000,SC_ITEM,40,SC_EVOLVE_R4,FIRE_BOMB_R4_E5,1
741,FIRE_BOMB_R5_E1,FIRE_BOMB_R5_E1,1390000,SC_ITEM,10,SC_EVOLVE_R5,FIRE_BOMB_R5_E2,1,
742,FIRE_BOMB_R5_E2,FIRE_BOMB_R5_E1,1640000,SC_ITEM,20,SC_EVOLVE_R5,FIRE_BOMB_R5_E3,1,
743,FIRE_BOMB_R5_E3,FIRE_BOMB_R5_E1,1860000,SC_ITEM,30,SC_EVOLVE_R5,FIRE_BOMB_R5_E4,1,
744,FIRE_BOMB_R5_E4,FIRE_BOMB_R5_E1,FIRE_BOMB_R5_E1,2000000,SC_ITEM,40,SC_EVOLVE_R5,FIRE_BOMB_R5_E5,1
745,NAPALM_R1_E1,NAPALM_R1_E1,9000,SC_ITEM,10,SC_EVOLVE_R1,NAPALM_R1_E2,1,
746,NAPALM_R1_E2,NAPALM_R1_E1,10000,SC_ITEM,20,SC_EVOLVE_R1,NAPALM_R1_E3,1,
747,NAPALM_R1_E3,NAPALM_R1_E1,12000,SC_ITEM,30,SC_EVOLVE_R1,NAPALM_R1_E4,1,
748,NAPALM_R1_E4,NAPALM_R1_E1,NAPALM_R1_E1,14000,SC_ITEM,40,SC_EVOLVE_R1,NAPALM_R1_E5,1
750,NAPALM_R2_E1,NAPALM_R2_E1,12000,SC_ITEM,10,SC_EVOLVE_R2,NAPALM_R2_E2,1,
751,NAPALM_R2_E2,NAPALM_R2_E1,20000,SC_ITEM,20,SC_EVOLVE_R2,NAPALM_R2_E3,1,
752,NAPALM_R2_E3,NAPALM_R2_E1,70000,SC_ITEM,30,SC_EVOLVE_R2,NAPALM_R2_E4,1,
753,NAPALM_R2_E4,NAPALM_R2_E1,NAPALM_R2_E1,140000,SC_ITEM,40,SC_EVOLVE_R2,NAPALM_R2_E5,1
755,NAPALM_R3_E1,NAPALM_R3_E1,55000,SC_ITEM,10,SC_EVOLVE_R3,NAPALM_R3_E2,1,
756,NAPALM_R3_E2,NAPALM_R3_E1,137000,SC_ITEM,20,SC_EVOLVE_R3,NAPALM_R3_E3,1,
757,NAPALM_R3_E3,NAPALM_R3_E1,364000,SC_ITEM,30,SC_EVOLVE_R3,NAPALM_R3_E4,1,
758,NAPALM_R3_E4,NAPALM_R3_E1,NAPALM_R3_E1,683000,SC_ITEM,40,SC_EVOLVE_R3,NAPALM_R3_E5,1
760,NAPALM_R4_E1,NAPALM_R4_E1,125000,SC_ITEM,10,SC_EVOLVE_R4,NAPALM_R4_E2,1,
761,NAPALM_R4_E2,NAPALM_R4_E1,375000,SC_ITEM,20,SC_EVOLVE_R4,NAPALM_R4_E3,1,
762,NAPALM_R4_E3,NAPALM_R4_E1,661000,SC_ITEM,30,SC_EVOLVE_R4,NAPALM_R4_E4,1,
763,NAPALM_R4_E4,NAPALM_R4_E1,NAPALM_R4_E1,1124000,SC_ITEM,40,SC_EVOLVE_R4,NAPALM_R4_E5,1
765,NAPALM_R5_E1,NAPALM_R5_E1,1390000,SC_ITEM,10,SC_EVOLVE_R5,NAPALM_R5_E2,1,
766,NAPALM_R5_E2,NAPALM_R5_E1,1640000,SC_ITEM,20,SC_EVOLVE_R5,NAPALM_R5_E3,1,
767,NAPALM_R5_E3,NAPALM_R5_E1,1860000,SC_ITEM,30,SC_EVOLVE_R5,NAPALM_R5_E4,1,
768,NAPALM_R5_E4,NAPALM_R5_E1,NAPALM_R5_E1,2000000,SC_ITEM,40,SC_EVOLVE_R5,NAPALM_R5_E5,1
769,TESLA_SHIELD_R1_E1,TESLA_SHIELD_R1_E1,9000,SC_ITEM,10,SC_EVOLVE_R1,TESLA_SHIELD_R1_E2,1,
770,TESLA_SHIELD_R1_E2,TESLA_SHIELD_R1_E1,10000,SC_ITEM,20,SC_EVOLVE_R1,TESLA_SHIELD_R1_E3,1,
771,TESLA_SHIELD_R1_E3,TESLA_SHIELD_R1_E1,12000,SC_ITEM,30,SC_EVOLVE_R1,TESLA_SHIELD_R1_E4,1,
772,TESLA_SHIELD_R1_E4,TESLA_SHIELD_R1_E1,TESLA_SHIELD_R1_E1,14000,SC_ITEM,40,SC_EVOLVE_R1,TESLA_SHIELD_R1_E5,1
774,TESLA_SHIELD_R2_E1,TESLA_SHIELD_R2_E1,12000,SC_ITEM,10,SC_EVOLVE_R2,TESLA_SHIELD_R2_E2,1,
775,TESLA_SHIELD_R2_E2,TESLA_SHIELD_R2_E1,20000,SC_ITEM,20,SC_EVOLVE_R2,TESLA_SHIELD_R2_E3,1,
776,TESLA_SHIELD_R2_E3,TESLA_SHIELD_R2_E1,70000,SC_ITEM,30,SC_EVOLVE_R2,TESLA_SHIELD_R2_E4,1,
777,TESLA_SHIELD_R2_E4,TESLA_SHIELD_R2_E1,TESLA_SHIELD_R2_E1,140000,SC_ITEM,40,SC_EVOLVE_R2,TESLA_SHIELD_R2_E5,1
779,TESLA_SHIELD_R3_E1,TESLA_SHIELD_R3_E1,55000,SC_ITEM,10,SC_EVOLVE_R3,TESLA_SHIELD_R3_E2,1,
780,TESLA_SHIELD_R3_E2,TESLA_SHIELD_R3_E1,137000,SC_ITEM,20,SC_EVOLVE_R3,TESLA_SHIELD_R3_E3,1,
781,TESLA_SHIELD_R3_E3,TESLA_SHIELD_R3_E1,364000,SC_ITEM,30,SC_EVOLVE_R3,TESLA_SHIELD_R3_E4,1,
782,TESLA_SHIELD_R3_E4,TESLA_SHIELD_R3_E1,TESLA_SHIELD_R3_E1,683000,SC_ITEM,40,SC_EVOLVE_R3,TESLA_SHIELD_R3_E5,1
784,TESLA_SHIELD_R4_E1,TESLA_SHIELD_R4_E1,125000,SC_ITEM,10,SC_EVOLVE_R4,TESLA_SHIELD_R4_E2,1,
785,TESLA_SHIELD_R4_E2,TESLA_SHIELD_R4_E1,375000,SC_ITEM,20,SC_EVOLVE_R4,TESLA_SHIELD_R4_E3,1,
786,TESLA_SHIELD_R4_E3,TESLA_SHIELD_R4_E1,661000,SC_ITEM,30,SC_EVOLVE_R4,TESLA_SHIELD_R4_E4,1,
787,TESLA_SHIELD_R4_E4,TESLA_SHIELD_R4_E1,TESLA_SHIELD_R4_E1,1124000,SC_ITEM,40,SC_EVOLVE_R4,TESLA_SHIELD_R4_E5,1
789,TESLA_SHIELD_R5_E1,TESLA_SHIELD_R5_E1,1390000,SC_ITEM,10,SC_EVOLVE_R5,TESLA_SHIELD_R5_E2,1,
790,TESLA_SHIELD_R5_E2,TESLA_SHIELD_R5_E1,1640000,SC_ITEM,20,SC_EVOLVE_R5,TESLA_SHIELD_R5_E3,1,
791,TESLA_SHIELD_R5_E3,TESLA_SHIELD_R5_E1,1860000,SC_ITEM,30,SC_EVOLVE_R5,TESLA_SHIELD_R5_E4,1,
792,TESLA_SHIELD_R5_E4,TESLA_SHIELD_R5_E1,TESLA_SHIELD_R5_E1,2000000,SC_ITEM,40,SC_EVOLVE_R5,TESLA_SHIELD_R5_E5,1
793,CANNON_EXPLOSION_R1_E1,CANNON_EXPLOSION_R1_E1,9000,SC_ITEM,10,SC_EVOLVE_R1,CANNON_EXPLOSION_R1_E2,1,
794,CANNON_EXPLOSION_R1_E2,CANNON_EXPLOSION_R1_E1,10000,SC_ITEM,20,SC_EVOLVE_R1,CANNON_EXPLOSION_R1_E3,1,
795,CANNON_EXPLOSION_R1_E3,CANNON_EXPLOSION_R1_E1,12000,SC_ITEM,30,SC_EVOLVE_R1,CANNON_EXPLOSION_R1_E4,1,
796,CANNON_EXPLOSION_R1_E4,CANNON_EXPLOSION_R1_E1,CANNON_EXPLOSION_R1_E1,14000,SC_ITEM,40,SC_EVOLVE_R1,CANNON_EXPLOSION_R1_E5,1
798,CANNON_EXPLOSION_R2_E1,CANNON_EXPLOSION_R2_E1,12000,SC_ITEM,10,SC_EVOLVE_R2,CANNON_EXPLOSION_R2_E2,1,
799,CANNON_EXPLOSION_R2_E2,CANNON_EXPLOSION_R2_E1,20000,SC_ITEM,20,SC_EVOLVE_R2,CANNON_EXPLOSION_R2_E3,1,
800,CANNON_EXPLOSION_R2_E3,CANNON_EXPLOSION_R2_E1,70000,SC_ITEM,30,SC_EVOLVE_R2,CANNON_EXPLOSION_R2_E4,1,
801,CANNON_EXPLOSION_R2_E4,CANNON_EXPLOSION_R2_E1,CANNON_EXPLOSION_R2_E1,140000,SC_ITEM,40,SC_EVOLVE_R2,CANNON_EXPLOSION_R2_E5,1
803,CANNON_EXPLOSION_R3_E1,CANNON_EXPLOSION_R3_E1,55000,SC_ITEM,10,SC_EVOLVE_R3,CANNON_EXPLOSION_R3_E2,1,
804,CANNON_EXPLOSION_R3_E2,CANNON_EXPLOSION_R3_E1,137000,SC_ITEM,20,SC_EVOLVE_R3,CANNON_EXPLOSION_R3_E3,1,
805,CANNON_EXPLOSION_R3_E3,CANNON_EXPLOSION_R3_E1,364000,SC_ITEM,30,SC_EVOLVE_R3,CANNON_EXPLOSION_R3_E4,1,
806,CANNON_EXPLOSION_R3_E4,CANNON_EXPLOSION_R3_E1,CANNON_EXPLOSION_R3_E1,683000,SC_ITEM,40,SC_EVOLVE_R3,CANNON_EXPLOSION_R3_E5,1
808,CANNON_EXPLOSION_R4_E1,CANNON_EXPLOSION_R4_E1,125000,SC_ITEM,10,SC_EVOLVE_R4,CANNON_EXPLOSION_R4_E2,1,
809,CANNON_EXPLOSION_R4_E2,CANNON_EXPLOSION_R4_E1,375000,SC_ITEM,20,SC_EVOLVE_R4,CANNON_EXPLOSION_R4_E3,1,
810,CANNON_EXPLOSION_R4_E3,CANNON_EXPLOSION_R4_E1,661000,SC_ITEM,30,SC_EVOLVE_R4,CANNON_EXPLOSION_R4_E4,1,
811,CANNON_EXPLOSION_R4_E4,CANNON_EXPLOSION_R4_E1,CANNON_EXPLOSION_R4_E1,1124000,SC_ITEM,40,SC_EVOLVE_R4,CANNON_EXPLOSION_R4_E5,1
813,CANNON_EXPLOSION_R5_E1,CANNON_EXPLOSION_R5_E1,1390000,SC_ITEM,10,SC_EVOLVE_R5,CANNON_EXPLOSION_R5_E2,1,
814,CANNON_EXPLOSION_R5_E2,CANNON_EXPLOSION_R5_E1,1640000,SC_ITEM,20,SC_EVOLVE_R5,CANNON_EXPLOSION_R5_E3,1,
815,CANNON_EXPLOSION_R5_E3,CANNON_EXPLOSION_R5_E1,1860000,SC_ITEM,30,SC_EVOLVE_R5,CANNON_EXPLOSION_R5_E4,1,
816,CANNON_EXPLOSION_R5_E4,CANNON_EXPLOSION_R5_E1,CANNON_EXPLOSION_R5_E1,2000000,SC_ITEM,40,SC_EVOLVE_R5,CANNON_EXPLOSION_R5_E5,1
817,CARRONADE_BLAST_R1_E1,CARRONADE_BLAST_R1_E1,9000,SC_ITEM,10,SC_EVOLVE_R1,CARRONADE_BLAST_R1_E2,1,
818,CARRONADE_BLAST_R1_E2,CARRONADE_BLAST_R1_E1,10000,SC_ITEM,20,SC_EVOLVE_R1,CARRONADE_BLAST_R1_E3,1,
819,CARRONADE_BLAST_R1_E3,CARRONADE_BLAST_R1_E1,12000,SC_ITEM,30,SC_EVOLVE_R1,CARRONADE_BLAST_R1_E4,1,
820,CARRONADE_BLAST_R1_E4,CARRONADE_BLAST_R1_E1,CARRONADE_BLAST_R1_E1,14000,SC_ITEM,40,SC_EVOLVE_R1,CARRONADE_BLAST_R1_E5,1
822,CARRONADE_BLAST_R2_E1,CARRONADE_BLAST_R2_E1,12000,SC_ITEM,10,SC_EVOLVE_R2,CARRONADE_BLAST_R2_E2,1,
823,CARRONADE_BLAST_R2_E2,CARRONADE_BLAST_R2_E1,20000,SC_ITEM,20,SC_EVOLVE_R2,CARRONADE_BLAST_R2_E3,1,
824,CARRONADE_BLAST_R2_E3,CARRONADE_BLAST_R2_E1,70000,SC_ITEM,30,SC_EVOLVE_R2,CARRONADE_BLAST_R2_E4,1,
825,CARRONADE_BLAST_R2_E4,CARRONADE_BLAST_R2_E1,CARRONADE_BLAST_R2_E1,140000,SC_ITEM,40,SC_EVOLVE_R2,CARRONADE_BLAST_R2_E5,1
827,CARRONADE_BLAST_R3_E1,CARRONADE_BLAST_R3_E1,55000,SC_ITEM,10,SC_EVOLVE_R3,CARRONADE_BLAST_R3_E2,1,
828,CARRONADE_BLAST_R3_E2,CARRONADE_BLAST_R3_E1,137000,SC_ITEM,20,SC_EVOLVE_R3,CARRONADE_BLAST_R3_E3,1,
829,CARRONADE_BLAST_R3_E3,CARRONADE_BLAST_R3_E1,364000,SC_ITEM,30,SC_EVOLVE_R3,CARRONADE_BLAST_R3_E4,1,
830,CARRONADE_BLAST_R3_E4,CARRONADE_BLAST_R3_E1,CARRONADE_BLAST_R3_E1,683000,SC_ITEM,40,SC_EVOLVE_R3,CARRONADE_BLAST_R3_E5,1
832,CARRONADE_BLAST_R4_E1,CARRONADE_BLAST_R4_E1,125000,SC_ITEM,10,SC_EVOLVE_R4,CARRONADE_BLAST_R4_E2,1,
833,CARRONADE_BLAST_R4_E2,CARRONADE_BLAST_R4_E1,375000,SC_ITEM,20,SC_EVOLVE_R4,CARRONADE_BLAST_R4_E3,1,
834,CARRONADE_BLAST_R4_E3,CARRONADE_BLAST_R4_E1,661000,SC_ITEM,30,SC_EVOLVE_R4,CARRONADE_BLAST_R4_E4,1,
835,CARRONADE_BLAST_R4_E4,CARRONADE_BLAST_R4_E1,CARRONADE_BLAST_R4_E1,1124000,SC_ITEM,40,SC_EVOLVE_R4,CARRONADE_BLAST_R4_E5,1
837,CARRONADE_BLAST_R5_E1,CARRONADE_BLAST_R5_E1,1390000,SC_ITEM,10,SC_EVOLVE_R5,CARRONADE_BLAST_R5_E2,1,
838,CARRONADE_BLAST_R5_E2,CARRONADE_BLAST_R5_E1,1640000,SC_ITEM,20,SC_EVOLVE_R5,CARRONADE_BLAST_R5_E3,1,
839,CARRONADE_BLAST_R5_E3,CARRONADE_BLAST_R5_E1,1860000,SC_ITEM,30,SC_EVOLVE_R5,CARRONADE_BLAST_R5_E4,1,
840,CARRONADE_BLAST_R5_E4,CARRONADE_BLAST_R5_E1,CARRONADE_BLAST_R5_E1,2000000,SC_ITEM,40,SC_EVOLVE_R5,CARRONADE_BLAST_R5_E5,1
841,LONG_RANGE_HEAL_R1_E1,LONG_RANGE_HEAL_R1_E1,9000,SC_ITEM,10,SC_EVOLVE_R1,LONG_RANGE_HEAL_R1_E2,1,
842,LONG_RANGE_HEAL_R1_E2,LONG_RANGE_HEAL_R1_E1,10000,SC_ITEM,20,SC_EVOLVE_R1,LONG_RANGE_HEAL_R1_E3,1,
843,LONG_RANGE_HEAL_R1_E3,LONG_RANGE_HEAL_R1_E1,12000,SC_ITEM,30,SC_EVOLVE_R1,LONG_RANGE_HEAL_R1_E4,1,
844,LONG_RANGE_HEAL_R1_E4,LONG_RANGE_HEAL_R1_E1,LONG_RANGE_HEAL_R1_E1,14000,SC_ITEM,40,SC_EVOLVE_R1,LONG_RANGE_HEAL_R1_E5,1
846,LONG_RANGE_HEAL_R2_E1,LONG_RANGE_HEAL_R2_E1,12000,SC_ITEM,10,SC_EVOLVE_R2,LONG_RANGE_HEAL_R2_E2,1,
847,LONG_RANGE_HEAL_R2_E2,LONG_RANGE_HEAL_R2_E1,20000,SC_ITEM,20,SC_EVOLVE_R2,LONG_RANGE_HEAL_R2_E3,1,
848,LONG_RANGE_HEAL_R2_E3,LONG_RANGE_HEAL_R2_E1,70000,SC_ITEM,30,SC_EVOLVE_R2,LONG_RANGE_HEAL_R2_E4,1,
849,LONG_RANGE_HEAL_R2_E4,LONG_RANGE_HEAL_R2_E1,LONG_RANGE_HEAL_R2_E1,140000,SC_ITEM,40,SC_EVOLVE_R2,LONG_RANGE_HEAL_R2_E5,1
851,LONG_RANGE_HEAL_R3_E1,LONG_RANGE_HEAL_R3_E1,55000,SC_ITEM,10,SC_EVOLVE_R3,LONG_RANGE_HEAL_R3_E2,1,
852,LONG_RANGE_HEAL_R3_E2,LONG_RANGE_HEAL_R3_E1,137000,SC_ITEM,20,SC_EVOLVE_R3,LONG_RANGE_HEAL_R3_E3,1,
853,LONG_RANGE_HEAL_R3_E3,LONG_RANGE_HEAL_R3_E1,364000,SC_ITEM,30,SC_EVOLVE_R3,LONG_RANGE_HEAL_R3_E4,1,
854,LONG_RANGE_HEAL_R3_E4,LONG_RANGE_HEAL_R3_E1,LONG_RANGE_HEAL_R3_E1,683000,SC_ITEM,40,SC_EVOLVE_R3,LONG_RANGE_HEAL_R3_E5,1
856,LONG_RANGE_HEAL_R4_E1,LONG_RANGE_HEAL_R4_E1,125000,SC_ITEM,10,SC_EVOLVE_R4,LONG_RANGE_HEAL_R4_E2,1,
857,LONG_RANGE_HEAL_R4_E2,LONG_RANGE_HEAL_R4_E1,375000,SC_ITEM,20,SC_EVOLVE_R4,LONG_RANGE_HEAL_R4_E3,1,
858,LONG_RANGE_HEAL_R4_E3,LONG_RANGE_HEAL_R4_E1,661000,SC_ITEM,30,SC_EVOLVE_R4,LONG_RANGE_HEAL_R4_E4,1,
859,LONG_RANGE_HEAL_R4_E4,LONG_RANGE_HEAL_R4_E1,LONG_RANGE_HEAL_R4_E1,1124000,SC_ITEM,40,SC_EVOLVE_R4,LONG_RANGE_HEAL_R4_E5,1
861,LONG_RANGE_HEAL_R5_E1,LONG_RANGE_HEAL_R5_E1,1390000,SC_ITEM,10,SC_EVOLVE_R5,LONG_RANGE_HEAL_R5_E2,1,
862,LONG_RANGE_HEAL_R5_E2,LONG_RANGE_HEAL_R5_E1,1640000,SC_ITEM,20,SC_EVOLVE_R5,LONG_RANGE_HEAL_R5_E3,1,
863,LONG_RANGE_HEAL_R5_E3,LONG_RANGE_HEAL_R5_E1,1860000,SC_ITEM,30,SC_EVOLVE_R5,LONG_RANGE_HEAL_R5_E4,1,
864,LONG_RANGE_HEAL_R5_E4,LONG_RANGE_HEAL_R5_E1,LONG_RANGE_HEAL_R5_E1,2000000,SC_ITEM,40,SC_EVOLVE_R5,LONG_RANGE_HEAL_R5_E5,1
865,HOLIDAY_2016_R4_E1,HOLIDAY_2017_R4_E1,1,SC_ITEM,1,SC_EVOLVE_R1,HOLIDAY_2016_R4_E2,1,
866,HOLIDAY_2017_R4_E1,HOLIDAY_2018_R4_E1,1,SC_ITEM,1,SC_EVOLVE_R1,HOLIDAY_2017_R4_E2,1,
867,MINIGUN_R1_E1,MINIGUN_R1_E1,9000,SC_ITEM,10,SC_EVOLVE_R1,MINIGUN_R1_E2,1,
868,MINIGUN_R1_E2,MINIGUN_R1_E1,10000,SC_ITEM,20,SC_EVOLVE_R1,MINIGUN_R1_E3,1,
869,MINIGUN_R1_E3,MINIGUN_R1_E1,12000,SC_ITEM,30,SC_EVOLVE_R1,MINIGUN_R1_E4,1,
870,MINIGUN_R1_E4,MINIGUN_R1_E1,MINIGUN_R1_E1,14000,SC_ITEM,40,SC_EVOLVE_R1,MINIGUN_R1_E5,1
871,MINIGUN_R2_E1,MINIGUN_R2_E1,12000,SC_ITEM,10,SC_EVOLVE_R2,MINIGUN_R2_E2,1,
872,MINIGUN_R2_E2,MINIGUN_R2_E1,20000,SC_ITEM,20,SC_EVOLVE_R2,MINIGUN_R2_E3,1,
873,MINIGUN_R2_E3,MINIGUN_R2_E1,70000,SC_ITEM,30,SC_EVOLVE_R2,MINIGUN_R2_E4,1,
874,MINIGUN_R2_E4,MINIGUN_R2_E1,MINIGUN_R2_E1,140000,SC_ITEM,40,SC_EVOLVE_R2,MINIGUN_R2_E5,1
875,MINIGUN_R3_E1,MINIGUN_R3_E1,55000,SC_ITEM,10,SC_EVOLVE_R3,MINIGUN_R3_E2,1,
876,MINIGUN_R3_E2,MINIGUN_R3_E1,137000,SC_ITEM,20,SC_EVOLVE_R3,MINIGUN_R3_E3,1,
877,MINIGUN_R3_E3,MINIGUN_R3_E1,364000,SC_ITEM,30,SC_EVOLVE_R3,MINIGUN_R3_E4,1,
878,MINIGUN_R3_E4,MINIGUN_R3_E1,MINIGUN_R3_E1,683000,SC_ITEM,40,SC_EVOLVE_R3,MINIGUN_R3_E5,1
879,MINIGUN_R4_E1,MINIGUN_R4_E1,125000,SC_ITEM,10,SC_EVOLVE_R4,MINIGUN_R4_E2,1,
880,MINIGUN_R4_E2,MINIGUN_R4_E1,375000,SC_ITEM,20,SC_EVOLVE_R4,MINIGUN_R4_E3,1,
881,MINIGUN_R4_E3,MINIGUN_R4_E1,661000,SC_ITEM,30,SC_EVOLVE_R4,MINIGUN_R4_E4,1,
882,MINIGUN_R4_E4,MINIGUN_R4_E1,MINIGUN_R4_E1,1124000,SC_ITEM,40,SC_EVOLVE_R4,MINIGUN_R4_E5,1
883,MINIGUN_R5_E1,MINIGUN_R5_E1,1390000,SC_ITEM,10,SC_EVOLVE_R5,MINIGUN_R5_E2,1,
884,MINIGUN_R5_E2,MINIGUN_R5_E1,1640000,SC_ITEM,20,SC_EVOLVE_R5,MINIGUN_R5_E3,1,
885,MINIGUN_R5_E3,MINIGUN_R5_E1,1860000,SC_ITEM,30,SC_EVOLVE_R5,MINIGUN_R5_E4,1,
886,MINIGUN_R5_E4,MINIGUN_R5_E1,MINIGUN_R5_E1,2000000,SC_ITEM,40,SC_EVOLVE_R5,MINIGUN_R5_E5,1
887,PROTECT_SHIELD_R1_E1,PROTECT_SHIELD_R1_E1,9000,SC_ITEM,10,SC_EVOLVE_R1,PROTECT_SHIELD_R1_E2,1,
888,PROTECT_SHIELD_R1_E2,PROTECT_SHIELD_R1_E1,10000,SC_ITEM,20,SC_EVOLVE_R1,PROTECT_SHIELD_R1_E3,1,
889,PROTECT_SHIELD_R1_E3,PROTECT_SHIELD_R1_E1,12000,SC_ITEM,30,SC_EVOLVE_R1,PROTECT_SHIELD_R1_E4,1,
890,PROTECT_SHIELD_R1_E4,PROTECT_SHIELD_R1_E1,PROTECT_SHIELD_R1_E1,14000,SC_ITEM,40,SC_EVOLVE_R1,PROTECT_SHIELD_R1_E5,1
891,PROTECT_SHIELD_R2_E1,PROTECT_SHIELD_R2_E1,12000,SC_ITEM,10,SC_EVOLVE_R2,PROTECT_SHIELD_R2_E2,1,
892,PROTECT_SHIELD_R2_E2,PROTECT_SHIELD_R2_E1,20000,SC_ITEM,20,SC_EVOLVE_R2,PROTECT_SHIELD_R2_E3,1,
893,PROTECT_SHIELD_R2_E3,PROTECT_SHIELD_R2_E1,70000,SC_ITEM,30,SC_EVOLVE_R2,PROTECT_SHIELD_R2_E4,1,
894,PROTECT_SHIELD_R2_E4,PROTECT_SHIELD_R2_E1,PROTECT_SHIELD_R2_E1,140000,SC_ITEM,40,SC_EVOLVE_R2,PROTECT_SHIELD_R2_E5,1
895,PROTECT_SHIELD_R3_E1,PROTECT_SHIELD_R3_E1,55000,SC_ITEM,10,SC_EVOLVE_R3,PROTECT_SHIELD_R3_E2,1,
896,PROTECT_SHIELD_R3_E2,PROTECT_SHIELD_R3_E1,137000,SC_ITEM,20,SC_EVOLVE_R3,PROTECT_SHIELD_R3_E3,1,
897,PROTECT_SHIELD_R3_E3,PROTECT_SHIELD_R3_E1,364000,SC_ITEM,30,SC_EVOLVE_R3,PROTECT_SHIELD_R3_E4,1,
898,PROTECT_SHIELD_R3_E4,PROTECT_SHIELD_R3_E1,PROTECT_SHIELD_R3_E1,683000,SC_ITEM,40,SC_EVOLVE_R3,PROTECT_SHIELD_R3_E5,1
899,PROTECT_SHIELD_R4_E1,PROTECT_SHIELD_R4_E1,125000,SC_ITEM,10,SC_EVOLVE_R4,PROTECT_SHIELD_R4_E2,1,
900,PROTECT_SHIELD_R4_E2,PROTECT_SHIELD_R4_E1,375000,SC_ITEM,20,SC_EVOLVE_R4,PROTECT_SHIELD_R4_E3,1,
901,PROTECT_SHIELD_R4_E3,PROTECT_SHIELD_R4_E1,661000,SC_ITEM,30,SC_EVOLVE_R4,PROTECT_SHIELD_R4_E4,1,
902,PROTECT_SHIELD_R4_E4,PROTECT_SHIELD_R4_E1,PROTECT_SHIELD_R4_E1,1124000,SC_ITEM,40,SC_EVOLVE_R4,PROTECT_SHIELD_R4_E5,1
903,PROTECT_SHIELD_R5_E1,PROTECT_SHIELD_R5_E1,1390000,SC_ITEM,10,SC_EVOLVE_R5,PROTECT_SHIELD_R5_E2,1,
904,PROTECT_SHIELD_R5_E2,PROTECT_SHIELD_R5_E1,1640000,SC_ITEM,20,SC_EVOLVE_R5,PROTECT_SHIELD_R5_E3,1,
905,PROTECT_SHIELD_R5_E3,PROTECT_SHIELD_R5_E1,1860000,SC_ITEM,30,SC_EVOLVE_R5,PROTECT_SHIELD_R5_E4,1,
906,PROTECT_SHIELD_R5_E4,PROTECT_SHIELD_R5_E1,PROTECT_SHIELD_R5_E1,2000000,SC_ITEM,40,SC_EVOLVE_R5,PROTECT_SHIELD_R5_E5,1
907,PROTECT_AURA_R1_E1,PROTECT_AURA_R1_E1,9000,SC_ITEM,10,SC_EVOLVE_R1,PROTECT_AURA_R1_E2,1,
908,PROTECT_AURA_R1_E2,PROTECT_AURA_R1_E1,10000,SC_ITEM,20,SC_EVOLVE_R1,PROTECT_AURA_R1_E3,1,
909,PROTECT_AURA_R1_E3,PROTECT_AURA_R1_E1,12000,SC_ITEM,30,SC_EVOLVE_R1,PROTECT_AURA_R1_E4,1,
910,PROTECT_AURA_R1_E4,PROTECT_AURA_R1_E1,PROTECT_AURA_R1_E1,14000,SC_ITEM,40,SC_EVOLVE_R1,PROTECT_AURA_R1_E5,1
911,PROTECT_AURA_R2_E1,PROTECT_AURA_R2_E1,12000,SC_ITEM,10,SC_EVOLVE_R2,PROTECT_AURA_R2_E2,1,
912,PROTECT_AURA_R2_E2,PROTECT_AURA_R2_E1,20000,SC_ITEM,20,SC_EVOLVE_R2,PROTECT_AURA_R2_E3,1,
913,PROTECT_AURA_R2_E3,PROTECT_AURA_R2_E1,70000,SC_ITEM,30,SC_EVOLVE_R2,PROTECT_AURA_R2_E4,1,
914,PROTECT_AURA_R2_E4,PROTECT_AURA_R2_E1,PROTECT_AURA_R2_E1,140000,SC_ITEM,40,SC_EVOLVE_R2,PROTECT_AURA_R2_E5,1
915,PROTECT_AURA_R3_E1,PROTECT_AURA_R3_E1,55000,SC_ITEM,10,SC_EVOLVE_R3,PROTECT_AURA_R3_E2,1,
916,PROTECT_AURA_R3_E2,PROTECT_AURA_R3_E1,137000,SC_ITEM,20,SC_EVOLVE_R3,PROTECT_AURA_R3_E3,1,
917,PROTECT_AURA_R3_E3,PROTECT_AURA_R3_E1,364000,SC_ITEM,30,SC_EVOLVE_R3,PROTECT_AURA_R3_E4,1,
918,PROTECT_AURA_R3_E4,PROTECT_AURA_R3_E1,PROTECT_AURA_R3_E1,683000,SC_ITEM,40,SC_EVOLVE_R3,PROTECT_AURA_R3_E5,1
919,PROTECT_AURA_R4_E1,PROTECT_AURA_R4_E1,125000,SC_ITEM,10,SC_EVOLVE_R4,PROTECT_AURA_R4_E2,1,
920,PROTECT_AURA_R4_E2,PROTECT_AURA_R4_E1,375000,SC_ITEM,20,SC_EVOLVE_R4,PROTECT_AURA_R4_E3,1,
921,PROTECT_AURA_R4_E3,PROTECT_AURA_R4_E1,661000,SC_ITEM,30,SC_EVOLVE_R4,PROTECT_AURA_R4_E4,1,
922,PROTECT_AURA_R4_E4,PROTECT_AURA_R4_E1,PROTECT_AURA_R4_E1,1124000,SC_ITEM,40,SC_EVOLVE_R4,PROTECT_AURA_R4_E5,1
923,PROTECT_AURA_R5_E1,PROTECT_AURA_R5_E1,1390000,SC_ITEM,10,SC_EVOLVE_R5,PROTECT_AURA_R5_E2,1,
924,PROTECT_AURA_R5_E2,PROTECT_AURA_R5_E1,1640000,SC_ITEM,20,SC_EVOLVE_R5,PROTECT_AURA_R5_E3,1,
925,PROTECT_AURA_R5_E3,PROTECT_AURA_R5_E1,1860000,SC_ITEM,30,SC_EVOLVE_R5,PROTECT_AURA_R5_E4,1,
926,PROTECT_AURA_R5_E4,PROTECT_AURA_R5_E1,PROTECT_AURA_R5_E1,2000000,SC_ITEM,40,SC_EVOLVE_R5,PROTECT_AURA_R5_E5,1
927,PROTECT_SELF_R1_E1,PROTECT_SELF_R1_E1,9000,SC_ITEM,10,SC_EVOLVE_R1,PROTECT_SELF_R1_E2,1,
928,PROTECT_SELF_R1_E2,PROTECT_SELF_R1_E1,10000,SC_ITEM,20,SC_EVOLVE_R1,PROTECT_SELF_R1_E3,1,
929,PROTECT_SELF_R1_E3,PROTECT_SELF_R1_E1,12000,SC_ITEM,30,SC_EVOLVE_R1,PROTECT_SELF_R1_E4,1,
930,PROTECT_SELF_R1_E4,PROTECT_SELF_R1_E1,PROTECT_SELF_R1_E1,14000,SC_ITEM,40,SC_EVOLVE_R1,PROTECT_SELF_R1_E5,1
931,PROTECT_SELF_R2_E1,PROTECT_SELF_R2_E1,12000,SC_ITEM,10,SC_EVOLVE_R2,PROTECT_SELF_R2_E2,1,
932,PROTECT_SELF_R2_E2,PROTECT_SELF_R2_E1,20000,SC_ITEM,20,SC_EVOLVE_R2,PROTECT_SELF_R2_E3,1,
933,PROTECT_SELF_R2_E3,PROTECT_SELF_R2_E1,70000,SC_ITEM,30,SC_EVOLVE_R2,PROTECT_SELF_R2_E4,1,
934,PROTECT_SELF_R2_E4,PROTECT_SELF_R2_E1,PROTECT_SELF_R2_E1,140000,SC_ITEM,40,SC_EVOLVE_R2,PROTECT_SELF_R2_E5,1
935,PROTECT_SELF_R3_E1,PROTECT_SELF_R3_E1,55000,SC_ITEM,10,SC_EVOLVE_R3,PROTECT_SELF_R3_E2,1,
936,PROTECT_SELF_R3_E2,PROTECT_SELF_R3_E1,137000,SC_ITEM,20,SC_EVOLVE_R3,PROTECT_SELF_R3_E3,1,
937,PROTECT_SELF_R3_E3,PROTECT_SELF_R3_E1,364000,SC_ITEM,30,SC_EVOLVE_R3,PROTECT_SELF_R3_E4,1,
938,PROTECT_SELF_R3_E4,PROTECT_SELF_R3_E1,PROTECT_SELF_R3_E1,683000,SC_ITEM,40,SC_EVOLVE_R3,PROTECT_SELF_R3_E5,1
939,PROTECT_SELF_R4_E1,PROTECT_SELF_R4_E1,125000,SC_ITEM,10,SC_EVOLVE_R4,PROTECT_SELF_R4_E2,1,
940,PROTECT_SELF_R4_E2,PROTECT_SELF_R4_E1,375000,SC_ITEM,20,SC_EVOLVE_R4,PROTECT_SELF_R4_E3,1,
941,PROTECT_SELF_R4_E3,PROTECT_SELF_R4_E1,661000,SC_ITEM,30,SC_EVOLVE_R4,PROTECT_SELF_R4_E4,1,
942,PROTECT_SELF_R4_E4,PROTECT_SELF_R4_E1,PROTECT_SELF_R4_E1,1124000,SC_ITEM,40,SC_EVOLVE_R4,PROTECT_SELF_R4_E5,1
943,PROTECT_SELF_R5_E1,PROTECT_SELF_R5_E1,1390000,SC_ITEM,10,SC_EVOLVE_R5,PROTECT_SELF_R5_E2,1,
944,PROTECT_SELF_R5_E2,PROTECT_SELF_R5_E1,1640000,SC_ITEM,20,SC_EVOLVE_R5,PROTECT_SELF_R5_E3,1,
945,PROTECT_SELF_R5_E3,PROTECT_SELF_R5_E1,1860000,SC_ITEM,30,SC_EVOLVE_R5,PROTECT_SELF_R5_E4,1,
946,PROTECT_SELF_R5_E4,PROTECT_SELF_R5_E1,PROTECT_SELF_R5_E1,2000000,SC_ITEM,40,SC_EVOLVE_R5,PROTECT_SELF_R5_E5,1
947,PROTECT_CLEANSE_R1_E1,PROTECT_CLEANSE_R1_E1,9000,SC_ITEM,10,SC_EVOLVE_R1,PROTECT_CLEANSE_R1_E2,1,
948,PROTECT_CLEANSE_R1_E2,PROTECT_CLEANSE_R1_E1,10000,SC_ITEM,20,SC_EVOLVE_R1,PROTECT_CLEANSE_R1_E3,1,
949,PROTECT_CLEANSE_R1_E3,PROTECT_CLEANSE_R1_E1,12000,SC_ITEM,30,SC_EVOLVE_R1,PROTECT_CLEANSE_R1_E4,1,
950,PROTECT_CLEANSE_R1_E4,PROTECT_CLEANSE_R1_E1,PROTECT_CLEANSE_R1_E1,14000,SC_ITEM,40,SC_EVOLVE_R1,PROTECT_CLEANSE_R1_E5,1
951,PROTECT_CLEANSE_R2_E1,PROTECT_CLEANSE_R2_E1,12000,SC_ITEM,10,SC_EVOLVE_R2,PROTECT_CLEANSE_R2_E2,1,
952,PROTECT_CLEANSE_R2_E2,PROTECT_CLEANSE_R2_E1,20000,SC_ITEM,20,SC_EVOLVE_R2,PROTECT_CLEANSE_R2_E3,1,
953,PROTECT_CLEANSE_R2_E3,PROTECT_CLEANSE_R2_E1,70000,SC_ITEM,30,SC_EVOLVE_R2,PROTECT_CLEANSE_R2_E4,1,
954,PROTECT_CLEANSE_R2_E4,PROTECT_CLEANSE_R2_E1,PROTECT_CLEANSE_R2_E1,140000,SC_ITEM,40,SC_EVOLVE_R2,PROTECT_CLEANSE_R2_E5,1
955,PROTECT_CLEANSE_R3_E1,PROTECT_CLEANSE_R3_E1,55000,SC_ITEM,10,SC_EVOLVE_R3,PROTECT_CLEANSE_R3_E2,1,
956,PROTECT_CLEANSE_R3_E2,PROTECT_CLEANSE_R3_E1,137000,SC_ITEM,20,SC_EVOLVE_R3,PROTECT_CLEANSE_R3_E3,1,
957,PROTECT_CLEANSE_R3_E3,PROTECT_CLEANSE_R3_E1,364000,SC_ITEM,30,SC_EVOLVE_R3,PROTECT_CLEANSE_R3_E4,1,
958,PROTECT_CLEANSE_R3_E4,PROTECT_CLEANSE_R3_E1,PROTECT_CLEANSE_R3_E1,683000,SC_ITEM,40,SC_EVOLVE_R3,PROTECT_CLEANSE_R3_E5,1
959,PROTECT_CLEANSE_R4_E1,PROTECT_CLEANSE_R4_E1,125000,SC_ITEM,10,SC_EVOLVE_R4,PROTECT_CLEANSE_R4_E2,1,
960,PROTECT_CLEANSE_R4_E2,PROTECT_CLEANSE_R4_E1,375000,SC_ITEM,20,SC_EVOLVE_R4,PROTECT_CLEANSE_R4_E3,1,
961,PROTECT_CLEANSE_R4_E3,PROTECT_CLEANSE_R4_E1,661000,SC_ITEM,30,SC_EVOLVE_R4,PROTECT_CLEANSE_R4_E4,1,
962,PROTECT_CLEANSE_R4_E4,PROTECT_CLEANSE_R4_E1,PROTECT_CLEANSE_R4_E1,1124000,SC_ITEM,40,SC_EVOLVE_R4,PROTECT_CLEANSE_R4_E5,1
963,PROTECT_CLEANSE_R5_E1,PROTECT_CLEANSE_R5_E1,1390000,SC_ITEM,10,SC_EVOLVE_R5,PROTECT_CLEANSE_R5_E2,1,
964,PROTECT_CLEANSE_R5_E2,PROTECT_CLEANSE_R5_E1,1640000,SC_ITEM,20,SC_EVOLVE_R5,PROTECT_CLEANSE_R5_E3,1,
965,PROTECT_CLEANSE_R5_E3,PROTECT_CLEANSE_R5_E1,1860000,SC_ITEM,30,SC_EVOLVE_R5,PROTECT_CLEANSE_R5_E4,1,
966,PROTECT_CLEANSE_R5_E4,PROTECT_CLEANSE_R5_E1,PROTECT_CLEANSE_R5_E1,2000000,SC_ITEM,40,SC_EVOLVE_R5,PROTECT_CLEANSE_R5_E5,1
967,BIG_REGEN_R1_E1,BIG_REGEN_R1_E1,9000,SC_ITEM,10,SC_EVOLVE_R1,BIG_REGEN_R1_E2,1,
968,BIG_REGEN_R1_E2,BIG_REGEN_R1_E1,10000,SC_ITEM,20,SC_EVOLVE_R1,BIG_REGEN_R1_E3,1,
969,BIG_REGEN_R1_E3,BIG_REGEN_R1_E1,12000,SC_ITEM,30,SC_EVOLVE_R1,BIG_REGEN_R1_E4,1,
970,BIG_REGEN_R1_E4,BIG_REGEN_R1_E1,BIG_REGEN_R1_E1,14000,SC_ITEM,40,SC_EVOLVE_R1,BIG_REGEN_R1_E5,1
971,BIG_REGEN_R2_E1,BIG_REGEN_R2_E1,12000,SC_ITEM,10,SC_EVOLVE_R2,BIG_REGEN_R2_E2,1,
972,BIG_REGEN_R2_E2,BIG_REGEN_R2_E1,20000,SC_ITEM,20,SC_EVOLVE_R2,BIG_REGEN_R2_E3,1,
973,BIG_REGEN_R2_E3,BIG_REGEN_R2_E1,70000,SC_ITEM,30,SC_EVOLVE_R2,BIG_REGEN_R2_E4,1,
974,BIG_REGEN_R2_E4,BIG_REGEN_R2_E1,BIG_REGEN_R2_E1,140000,SC_ITEM,40,SC_EVOLVE_R2,BIG_REGEN_R2_E5,1
975,BIG_REGEN_R3_E1,BIG_REGEN_R3_E1,55000,SC_ITEM,10,SC_EVOLVE_R3,BIG_REGEN_R3_E2,1,
976,BIG_REGEN_R3_E2,BIG_REGEN_R3_E1,137000,SC_ITEM,20,SC_EVOLVE_R3,BIG_REGEN_R3_E3,1,
977,BIG_REGEN_R3_E3,BIG_REGEN_R3_E1,364000,SC_ITEM,30,SC_EVOLVE_R3,BIG_REGEN_R3_E4,1,
978,BIG_REGEN_R3_E4,BIG_REGEN_R3_E1,BIG_REGEN_R3_E1,683000,SC_ITEM,40,SC_EVOLVE_R3,BIG_REGEN_R3_E5,1
979,BIG_REGEN_R4_E1,BIG_REGEN_R4_E1,125000,SC_ITEM,10,SC_EVOLVE_R4,BIG_REGEN_R4_E2,1,
980,BIG_REGEN_R4_E2,BIG_REGEN_R4_E1,375000,SC_ITEM,20,SC_EVOLVE_R4,BIG_REGEN_R4_E3,1,
981,BIG_REGEN_R4_E3,BIG_REGEN_R4_E1,661000,SC_ITEM,30,SC_EVOLVE_R4,BIG_REGEN_R4_E4,1,
982,BIG_REGEN_R4_E4,BIG_REGEN_R4_E1,BIG_REGEN_R4_E1,1124000,SC_ITEM,40,SC_EVOLVE_R4,BIG_REGEN_R4_E5,1
983,BIG_REGEN_R5_E1,BIG_REGEN_R5_E1,1390000,SC_ITEM,10,SC_EVOLVE_R5,BIG_REGEN_R5_E2,1,
984,BIG_REGEN_R5_E2,BIG_REGEN_R5_E1,1640000,SC_ITEM,20,SC_EVOLVE_R5,BIG_REGEN_R5_E3,1,
985,BIG_REGEN_R5_E3,BIG_REGEN_R5_E1,1860000,SC_ITEM,30,SC_EVOLVE_R5,BIG_REGEN_R5_E4,1,
986,BIG_REGEN_R5_E4,BIG_REGEN_R5_E1,BIG_REGEN_R5_E1,2000000,SC_ITEM,40,SC_EVOLVE_R5,BIG_REGEN_R5_E5,1
987,TORPEDO_STANDARD_R1_E1,TORPEDO_STANDARD_R1_E1,9000,SC_ITEM,10,SC_EVOLVE_R1,TORPEDO_STANDARD_R1_E2,1,
988,TORPEDO_STANDARD_R1_E2,TORPEDO_STANDARD_R1_E1,10000,SC_ITEM,20,SC_EVOLVE_R1,TORPEDO_STANDARD_R1_E3,1,
989,TORPEDO_STANDARD_R1_E3,TORPEDO_STANDARD_R1_E1,12000,SC_ITEM,30,SC_EVOLVE_R1,TORPEDO_STANDARD_R1_E4,1,
990,TORPEDO_STANDARD_R1_E4,TORPEDO_STANDARD_R1_E1,TORPEDO_STANDARD_R1_E1,14000,SC_ITEM,40,SC_EVOLVE_R1,TORPEDO_STANDARD_R1_E5,1
991,TORPEDO_STANDARD_R2_E1,TORPEDO_STANDARD_R2_E1,12000,SC_ITEM,10,SC_EVOLVE_R2,TORPEDO_STANDARD_R2_E2,1,
992,TORPEDO_STANDARD_R2_E2,TORPEDO_STANDARD_R2_E1,20000,SC_ITEM,20,SC_EVOLVE_R2,TORPEDO_STANDARD_R2_E3,1,
993,TORPEDO_STANDARD_R2_E3,TORPEDO_STANDARD_R2_E1,70000,SC_ITEM,30,SC_EVOLVE_R2,TORPEDO_STANDARD_R2_E4,1,
994,TORPEDO_STANDARD_R2_E4,TORPEDO_STANDARD_R2_E1,TORPEDO_STANDARD_R2_E1,140000,SC_ITEM,40,SC_EVOLVE_R2,TORPEDO_STANDARD_R2_E5,1
995,TORPEDO_STANDARD_R3_E1,TORPEDO_STANDARD_R3_E1,55000,SC_ITEM,10,SC_EVOLVE_R3,TORPEDO_STANDARD_R3_E2,1,
996,TORPEDO_STANDARD_R3_E2,TORPEDO_STANDARD_R3_E1,137000,SC_ITEM,20,SC_EVOLVE_R3,TORPEDO_STANDARD_R3_E3,1,
997,TORPEDO_STANDARD_R3_E3,TORPEDO_STANDARD_R3_E1,364000,SC_ITEM,30,SC_EVOLVE_R3,TORPEDO_STANDARD_R3_E4,1,
998,TORPEDO_STANDARD_R3_E4,TORPEDO_STANDARD_R3_E1,TORPEDO_STANDARD_R3_E1,683000,SC_ITEM,40,SC_EVOLVE_R3,TORPEDO_STANDARD_R3_E5,1
999,TORPEDO_STANDARD_R4_E1,TORPEDO_STANDARD_R4_E1,125000,SC_ITEM,10,SC_EVOLVE_R4,TORPEDO_STANDARD_R4_E2,1,
1000,TORPEDO_STANDARD_R4_E2,TORPEDO_STANDARD_R4_E1,375000,SC_ITEM,20,SC_EVOLVE_R4,TORPEDO_STANDARD_R4_E3,1,
1001,TORPEDO_STANDARD_R4_E3,TORPEDO_STANDARD_R4_E1,661000,SC_ITEM,30,SC_EVOLVE_R4,TORPEDO_STANDARD_R4_E4,1,
1002,TORPEDO_STANDARD_R4_E4,TORPEDO_STANDARD_R4_E1,TORPEDO_STANDARD_R4_E1,1124000,SC_ITEM,40,SC_EVOLVE_R4,TORPEDO_STANDARD_R4_E5,1
1003,TORPEDO_STANDARD_R5_E1,TORPEDO_STANDARD_R5_E1,1390000,SC_ITEM,10,SC_EVOLVE_R5,TORPEDO_STANDARD_R5_E2,1,
1004,TORPEDO_STANDARD_R5_E2,TORPEDO_STANDARD_R5_E1,1640000,SC_ITEM,20,SC_EVOLVE_R5,TORPEDO_STANDARD_R5_E3,1,
1005,TORPEDO_STANDARD_R5_E3,TORPEDO_STANDARD_R5_E1,1860000,SC_ITEM,30,SC_EVOLVE_R5,TORPEDO_STANDARD_R5_E4,1,
1006,TORPEDO_STANDARD_R5_E4,TORPEDO_STANDARD_R5_E1,TORPEDO_STANDARD_R5_E1,2000000,SC_ITEM,40,SC_EVOLVE_R5,TORPEDO_STANDARD_R5_E5,1
1007,HOLIDAY_2016_R4_E2,HOLIDAY_2018_R4_E1,1,SC_ITEM,1,SC_EVOLVE_R1,HOLIDAY_2016_R4_E3,1,
1008,HOLIDAY_2017_R4_E2,HOLIDAY_2018_R4_E1,1,SC_ITEM,1,SC_EVOLVE_R1,HOLIDAY_2017_R4_E3,1,
1009,HOLIDAY_2018_R4_E1,HOLIDAY_2017_R4_E1,1,SC_ITEM,1,SC_EVOLVE_R1,HOLIDAY_2018_R4_E2,1,
1010,REPAIR_NAPALM_R1_E1,REPAIR_NAPALM_R1_E1,9000,SC_ITEM,10,SC_EVOLVE_R1,REPAIR_NAPALM_R1_E2,1,
1011,REPAIR_NAPALM_R1_E2,REPAIR_NAPALM_R1_E1,10000,SC_ITEM,20,SC_EVOLVE_R1,REPAIR_NAPALM_R1_E3,1,
1012,REPAIR_NAPALM_R1_E3,REPAIR_NAPALM_R1_E1,12000,SC_ITEM,30,SC_EVOLVE_R1,REPAIR_NAPALM_R1_E4,1,
1013,REPAIR_NAPALM_R1_E4,REPAIR_NAPALM_R1_E1,REPAIR_NAPALM_R1_E1,14000,SC_ITEM,40,SC_EVOLVE_R1,REPAIR_NAPALM_R1_E5,1
1014,REPAIR_NAPALM_R2_E1,REPAIR_NAPALM_R2_E1,12000,SC_ITEM,10,SC_EVOLVE_R2,REPAIR_NAPALM_R2_E2,1,
1015,REPAIR_NAPALM_R2_E2,REPAIR_NAPALM_R2_E1,20000,SC_ITEM,20,SC_EVOLVE_R2,REPAIR_NAPALM_R2_E3,1,
1016,REPAIR_NAPALM_R2_E3,REPAIR_NAPALM_R2_E1,70000,SC_ITEM,30,SC_EVOLVE_R2,REPAIR_NAPALM_R2_E4,1,
1017,REPAIR_NAPALM_R2_E4,REPAIR_NAPALM_R2_E1,REPAIR_NAPALM_R2_E1,140000,SC_ITEM,40,SC_EVOLVE_R2,REPAIR_NAPALM_R2_E5,1
1018,REPAIR_NAPALM_R3_E1,REPAIR_NAPALM_R3_E1,55000,SC_ITEM,10,SC_EVOLVE_R3,REPAIR_NAPALM_R3_E2,1,
1019,REPAIR_NAPALM_R3_E2,REPAIR_NAPALM_R3_E1,137000,SC_ITEM,20,SC_EVOLVE_R3,REPAIR_NAPALM_R3_E3,1,
1020,REPAIR_NAPALM_R3_E3,REPAIR_NAPALM_R3_E1,364000,SC_ITEM,30,SC_EVOLVE_R3,REPAIR_NAPALM_R3_E4,1,
1021,REPAIR_NAPALM_R3_E4,REPAIR_NAPALM_R3_E1,REPAIR_NAPALM_R3_E1,683000,SC_ITEM,40,SC_EVOLVE_R3,REPAIR_NAPALM_R3_E5,1
1022,REPAIR_NAPALM_R4_E1,REPAIR_NAPALM_R4_E1,125000,SC_ITEM,10,SC_EVOLVE_R4,REPAIR_NAPALM_R4_E2,1,
1023,REPAIR_NAPALM_R4_E2,REPAIR_NAPALM_R4_E1,375000,SC_ITEM,20,SC_EVOLVE_R4,REPAIR_NAPALM_R4_E3,1,
1024,REPAIR_NAPALM_R4_E3,REPAIR_NAPALM_R4_E1,661000,SC_ITEM,30,SC_EVOLVE_R4,REPAIR_NAPALM_R4_E4,1,
1025,REPAIR_NAPALM_R4_E4,REPAIR_NAPALM_R4_E1,REPAIR_NAPALM_R4_E1,1124000,SC_ITEM,40,SC_EVOLVE_R4,REPAIR_NAPALM_R4_E5,1
1026,REPAIR_NAPALM_R5_E1,REPAIR_NAPALM_R5_E1,1390000,SC_ITEM,10,SC_EVOLVE_R5,REPAIR_NAPALM_R5_E2,1,
1027,REPAIR_NAPALM_R5_E2,REPAIR_NAPALM_R5_E1,1640000,SC_ITEM,20,SC_EVOLVE_R5,REPAIR_NAPALM_R5_E3,1,
1028,REPAIR_NAPALM_R5_E3,REPAIR_NAPALM_R5_E1,1860000,SC_ITEM,30,SC_EVOLVE_R5,REPAIR_NAPALM_R5_E4,1,
1029,REPAIR_NAPALM_R5_E4,REPAIR_NAPALM_R5_E1,REPAIR_NAPALM_R5_E1,2000000,SC_ITEM,40,SC_EVOLVE_R5,REPAIR_NAPALM_R5_E5,1
1030,FLAME_THROWER_R1_E1,FLAME_THROWER_R1_E1,9000,SC_ITEM,10,SC_EVOLVE_R1,FLAME_THROWER_R1_E2,1,
1031,FLAME_THROWER_R1_E2,FLAME_THROWER_R1_E1,10000,SC_ITEM,20,SC_EVOLVE_R1,FLAME_THROWER_R1_E3,1,
1032,FLAME_THROWER_R1_E3,FLAME_THROWER_R1_E1,12000,SC_ITEM,30,SC_EVOLVE_R1,FLAME_THROWER_R1_E4,1,
1033,FLAME_THROWER_R1_E4,FLAME_THROWER_R1_E1,FLAME_THROWER_R1_E1,14000,SC_ITEM,40,SC_EVOLVE_R1,FLAME_THROWER_R1_E5,1
1034,FLAME_THROWER_R2_E1,FLAME_THROWER_R2_E1,12000,SC_ITEM,10,SC_EVOLVE_R2,FLAME_THROWER_R2_E2,1,
1035,FLAME_THROWER_R2_E2,FLAME_THROWER_R2_E1,20000,SC_ITEM,20,SC_EVOLVE_R2,FLAME_THROWER_R2_E3,1,
1036,FLAME_THROWER_R2_E3,FLAME_THROWER_R2_E1,70000,SC_ITEM,30,SC_EVOLVE_R2,FLAME_THROWER_R2_E4,1,
1037,FLAME_THROWER_R2_E4,FLAME_THROWER_R2_E1,FLAME_THROWER_R2_E1,140000,SC_ITEM,40,SC_EVOLVE_R2,FLAME_THROWER_R2_E5,1
1038,FLAME_THROWER_R3_E1,FLAME_THROWER_R3_E1,55000,SC_ITEM,10,SC_EVOLVE_R3,FLAME_THROWER_R3_E2,1,
1039,FLAME_THROWER_R3_E2,FLAME_THROWER_R3_E1,137000,SC_ITEM,20,SC_EVOLVE_R3,FLAME_THROWER_R3_E3,1,
1040,FLAME_THROWER_R3_E3,FLAME_THROWER_R3_E1,364000,SC_ITEM,30,SC_EVOLVE_R3,FLAME_THROWER_R3_E4,1,
1041,FLAME_THROWER_R3_E4,FLAME_THROWER_R3_E1,FLAME_THROWER_R3_E1,683000,SC_ITEM,40,SC_EVOLVE_R3,FLAME_THROWER_R3_E5,1
1042,FLAME_THROWER_R4_E1,FLAME_THROWER_R4_E1,125000,SC_ITEM,10,SC_EVOLVE_R4,FLAME_THROWER_R4_E2,1,
1043,FLAME_THROWER_R4_E2,FLAME_THROWER_R4_E1,375000,SC_ITEM,20,SC_EVOLVE_R4,FLAME_THROWER_R4_E3,1,
1044,FLAME_THROWER_R4_E3,FLAME_THROWER_R4_E1,661000,SC_ITEM,30,SC_EVOLVE_R4,FLAME_THROWER_R4_E4,1,
1045,FLAME_THROWER_R4_E4,FLAME_THROWER_R4_E1,FLAME_THROWER_R4_E1,1124000,SC_ITEM,40,SC_EVOLVE_R4,FLAME_THROWER_R4_E5,1
1046,FLAME_THROWER_R5_E1,FLAME_THROWER_R5_E1,1390000,SC_ITEM,10,SC_EVOLVE_R5,FLAME_THROWER_R5_E2,1,
1047,FLAME_THROWER_R5_E2,FLAME_THROWER_R5_E1,1640000,SC_ITEM,20,SC_EVOLVE_R5,FLAME_THROWER_R5_E3,1,
1048,FLAME_THROWER_R5_E3,FLAME_THROWER_R5_E1,1860000,SC_ITEM,30,SC_EVOLVE_R5,FLAME_THROWER_R5_E4,1,
1049,FLAME_THROWER_R5_E4,FLAME_THROWER_R5_E1,FLAME_THROWER_R5_E1,2000000,SC_ITEM,40,SC_EVOLVE_R5,FLAME_THROWER_R5_E5,1
1050,MULTI_MISSILE_R1_E1,MULTI_MISSILE_R1_E1,9000,SC_ITEM,10,SC_EVOLVE_R1,MULTI_MISSILE_R1_E2,1,
1051,MULTI_MISSILE_R1_E2,MULTI_MISSILE_R1_E1,10000,SC_ITEM,20,SC_EVOLVE_R1,MULTI_MISSILE_R1_E3,1,
1052,MULTI_MISSILE_R1_E3,MULTI_MISSILE_R1_E1,12000,SC_ITEM,30,SC_EVOLVE_R1,MULTI_MISSILE_R1_E4,1,
1053,MULTI_MISSILE_R1_E4,MULTI_MISSILE_R1_E1,MULTI_MISSILE_R1_E1,14000,SC_ITEM,40,SC_EVOLVE_R1,MULTI_MISSILE_R1_E5,1
1054,MULTI_MISSILE_R2_E1,MULTI_MISSILE_R2_E1,12000,SC_ITEM,10,SC_EVOLVE_R2,MULTI_MISSILE_R2_E2,1,
1055,MULTI_MISSILE_R2_E2,MULTI_MISSILE_R2_E1,20000,SC_ITEM,20,SC_EVOLVE_R2,MULTI_MISSILE_R2_E3,1,
1056,MULTI_MISSILE_R2_E3,MULTI_MISSILE_R2_E1,70000,SC_ITEM,30,SC_EVOLVE_R2,MULTI_MISSILE_R2_E4,1,
1057,MULTI_MISSILE_R2_E4,MULTI_MISSILE_R2_E1,MULTI_MISSILE_R2_E1,140000,SC_ITEM,40,SC_EVOLVE_R2,MULTI_MISSILE_R2_E5,1
1058,MULTI_MISSILE_R3_E1,MULTI_MISSILE_R3_E1,55000,SC_ITEM,10,SC_EVOLVE_R3,MULTI_MISSILE_R3_E2,1,
1059,MULTI_MISSILE_R3_E2,MULTI_MISSILE_R3_E1,137000,SC_ITEM,20,SC_EVOLVE_R3,MULTI_MISSILE_R3_E3,1,
1060,MULTI_MISSILE_R3_E3,MULTI_MISSILE_R3_E1,364000,SC_ITEM,30,SC_EVOLVE_R3,MULTI_MISSILE_R3_E4,1,
1061,MULTI_MISSILE_R3_E4,MULTI_MISSILE_R3_E1,MULTI_MISSILE_R3_E1,683000,SC_ITEM,40,SC_EVOLVE_R3,MULTI_MISSILE_R3_E5,1
1062,MULTI_MISSILE_R4_E1,MULTI_MISSILE_R4_E1,125000,SC_ITEM,10,SC_EVOLVE_R4,MULTI_MISSILE_R4_E2,1,
1063,MULTI_MISSILE_R4_E2,MULTI_MISSILE_R4_E1,375000,SC_ITEM,20,SC_EVOLVE_R4,MULTI_MISSILE_R4_E3,1,
1064,MULTI_MISSILE_R4_E3,MULTI_MISSILE_R4_E1,661000,SC_ITEM,30,SC_EVOLVE_R4,MULTI_MISSILE_R4_E4,1,
1065,MULTI_MISSILE_R4_E4,MULTI_MISSILE_R4_E1,MULTI_MISSILE_R4_E1,1124000,SC_ITEM,40,SC_EVOLVE_R4,MULTI_MISSILE_R4_E5,1
1066,MULTI_MISSILE_R5_E1,MULTI_MISSILE_R5_E1,1390000,SC_ITEM,10,SC_EVOLVE_R5,MULTI_MISSILE_R5_E2,1,
1067,MULTI_MISSILE_R5_E2,MULTI_MISSILE_R5_E1,1640000,SC_ITEM,20,SC_EVOLVE_R5,MULTI_MISSILE_R5_E3,1,
1068,MULTI_MISSILE_R5_E3,MULTI_MISSILE_R5_E1,1860000,SC_ITEM,30,SC_EVOLVE_R5,MULTI_MISSILE_R5_E4,1,
1069,MULTI_MISSILE_R5_E4,MULTI_MISSILE_R5_E1,MULTI_MISSILE_R5_E1,2000000,SC_ITEM,40,SC_EVOLVE_R5,MULTI_MISSILE_R5_E5,1
