ShipID,Level,MinCaptainLevel,UpgradeCurrency,UpgradeCost,HP,KillReward,PowerLevel
SHIP_SHOOTER_TUTORIAL,1,1,SC_ITEM,0,450,3000,100
SHIP_SHOOTER_TUTORIAL,2,1,SC_ITEM,0,825,3060,150
SHIP_SHOOTER_TUTORIAL,3,1,SC_ITEM,0,1200,3120,200
SHIP_SHOOTER_TUTORIAL,4,1,SC_ITEM,0,1575,3180,250
SHIP_SHOOTER_TUTORIAL,5,1,SC_ITEM,0,1950,3240,300
SHIP_SPEEDER_TUTORIAL,1,1,SC_ITEM,0,250,3000,100
SHIP_SPEEDER_TUTORIAL,2,1,SC_ITEM,0,600,3060,150
SHIP_SPEEDER_TUTORIAL,3,1,SC_ITEM,0,950,3120,200
SHIP_SPEEDER_TUTORIAL,4,1,SC_ITEM,0,1300,3180,250
SHIP_SPEEDER_TUTORIAL,5,1,SC_ITEM,0,1650,3240,300
SHIP_ENFORCER_TUTORIAL,1,1,SC_ITEM,0,280,3000,100
SHIP_ENFORCER_TUTORIAL,2,1,SC_ITEM,0,710,3060,150
SHIP_ENFORCER_TUTORIAL,3,1,SC_ITEM,0,1140,3120,200
SHIP_ENFORCER_TUTORIAL,4,1,SC_ITEM,0,1570,3180,250
SHIP_ENFORCER_TUTORIAL,5,1,SC_ITEM,0,2000,3240,300
SHIP_DEFENDER_TUTORIAL,1,1,SC_ITEM,0,380,3000,100
SHIP_DEFENDER_TUTORIAL,2,1,SC_ITEM,0,960,3060,150
SHIP_DEFENDER_TUTORIAL,3,1,SC_ITEM,0,1540,3120,200
SHIP_DEFENDER_TUTORIAL,4,1,SC_ITEM,0,2120,3180,250
SHIP_DEFENDER_TUTORIAL,5,1,SC_ITEM,0,2700,3240,300
SHIP_FIXER_TUTORIAL,1,1,SC_ITEM,0,290,3000,100
SHIP_FIXER_TUTORIAL,2,1,SC_ITEM,0,780,3060,150
SHIP_FIXER_TUTORIAL,3,1,SC_ITEM,0,1270,3120,200
SHIP_FIXER_TUTORIAL,4,1,SC_ITEM,0,1760,3180,250
SHIP_FIXER_TUTORIAL,5,1,SC_ITEM,0,2250,3240,300
SHIP_SHOOTER,1,1,SC_ITEM,32000,1950,3000,300
SHIP_SHOOTER,2,2,SC_ITEM,49000,2070,3060,314
SHIP_SHOOTER,3,3,SC_ITEM,79000,2189,3120,327
SHIP_SHOOTER,4,4,SC_ITEM,119000,2309,3180,341
SHIP_SHOOTER,5,5,SC_ITEM,164000,2428,3240,355
SHIP_SHOOTER,6,6,SC_ITEM,207000,2547,3300,368
SHIP_SHOOTER,7,7,SC_ITEM,244000,2667,3360,382
SHIP_SHOOTER,8,8,SC_ITEM,271000,2786,3420,396
SHIP_SHOOTER,9,9,SC_ITEM,287000,2906,3480,409
SHIP_SHOOTER,10,10,SC_ITEM,295000,3025,3540,423
SHIP_SHOOTER,11,11,SC_ITEM,299000,3144,3600,437
SHIP_SHOOTER,12,12,SC_ITEM,304000,3264,3660,450
SHIP_SHOOTER,13,13,SC_ITEM,318000,3383,3720,464
SHIP_SHOOTER,14,14,SC_ITEM,344000,3503,3780,478
SHIP_SHOOTER,15,15,SC_ITEM,383000,3622,3840,491
SHIP_SHOOTER,16,16,SC_ITEM,433000,3741,3900,505
SHIP_SHOOTER,17,17,SC_ITEM,492000,3861,3960,519
SHIP_SHOOTER,18,18,SC_ITEM,552000,3980,4020,532
SHIP_SHOOTER,19,19,SC_ITEM,608000,4099,4080,546
SHIP_SHOOTER,20,20,SC_ITEM,655000,4219,4140,560
SHIP_SHOOTER,21,21,SC_ITEM,692000,4338,4200,573
SHIP_SHOOTER,22,22,SC_ITEM,718000,4458,4260,587
SHIP_SHOOTER,23,23,SC_ITEM,740000,4577,4320,601
SHIP_SHOOTER,24,24,SC_ITEM,755000,4696,4380,614
SHIP_SHOOTER,25,25,SC_ITEM,780000,4816,4440,628
SHIP_SHOOTER,26,26,SC_ITEM,810000,4935,4500,642
SHIP_SHOOTER,27,27,SC_ITEM,855000,5055,4560,656
SHIP_SHOOTER,28,28,SC_ITEM,915000,5174,4620,669
SHIP_SHOOTER,29,29,SC_ITEM,980000,5293,4680,683
SHIP_SHOOTER,30,30,SC_ITEM,1050000,5413,4740,697
SHIP_SHOOTER,31,31,SC_ITEM,1130000,5532,4800,710
SHIP_SHOOTER,32,32,SC_ITEM,1190000,5652,4860,724
SHIP_SHOOTER,33,33,SC_ITEM,1250000,5771,4920,738
SHIP_SHOOTER,34,34,SC_ITEM,1290000,5890,4980,751
SHIP_SHOOTER,35,35,SC_ITEM,1330000,6010,5040,765
SHIP_SHOOTER,36,36,SC_ITEM,1360000,6129,5100,779
SHIP_SHOOTER,37,37,SC_ITEM,1390000,6248,5160,792
SHIP_SHOOTER,38,38,SC_ITEM,1430000,6368,5220,806
SHIP_SHOOTER,39,39,SC_ITEM,1480000,6487,5280,820
SHIP_SHOOTER,40,40,SC_ITEM,1540000,6607,5340,833
SHIP_SHOOTER,41,41,SC_ITEM,1620000,6726,5400,847
SHIP_SHOOTER,42,42,SC_ITEM,1700000,6845,5460,861
SHIP_SHOOTER,43,43,SC_ITEM,1780000,6965,5520,874
SHIP_SHOOTER,44,44,SC_ITEM,1870000,7084,5580,888
SHIP_SHOOTER,45,45,SC_ITEM,1940000,7204,5640,902
SHIP_SHOOTER,46,46,SC_ITEM,2000000,7323,5700,915
SHIP_SHOOTER,47,47,SC_ITEM,2100000,7442,5760,929
SHIP_SHOOTER,48,48,SC_ITEM,2150000,7562,5820,943
SHIP_SHOOTER,49,49,SC_ITEM,2200000,7681,5880,956
SHIP_SHOOTER,50,50,SC_ITEM,0,7800,5940,970
SHIP_SPEEDER,1,1,SC_ITEM,32000,1650,3000,300
SHIP_SPEEDER,2,2,SC_ITEM,49000,1711,3060,314
SHIP_SPEEDER,3,3,SC_ITEM,79000,1771,3120,327
SHIP_SPEEDER,4,4,SC_ITEM,119000,1831,3180,341
SHIP_SPEEDER,5,5,SC_ITEM,164000,1891,3240,355
SHIP_SPEEDER,6,6,SC_ITEM,207000,1952,3300,368
SHIP_SPEEDER,7,7,SC_ITEM,244000,2012,3360,382
SHIP_SPEEDER,8,8,SC_ITEM,271000,2072,3420,396
SHIP_SPEEDER,9,9,SC_ITEM,287000,2132,3480,409
SHIP_SPEEDER,10,10,SC_ITEM,295000,2192,3540,423
SHIP_SPEEDER,11,11,SC_ITEM,299000,2253,3600,437
SHIP_SPEEDER,12,12,SC_ITEM,304000,2313,3660,450
SHIP_SPEEDER,13,13,SC_ITEM,318000,2373,3720,464
SHIP_SPEEDER,14,14,SC_ITEM,344000,2433,3780,478
SHIP_SPEEDER,15,15,SC_ITEM,383000,2493,3840,491
SHIP_SPEEDER,16,16,SC_ITEM,433000,2554,3900,505
SHIP_SPEEDER,17,17,SC_ITEM,492000,2614,3960,519
SHIP_SPEEDER,18,18,SC_ITEM,552000,2674,4020,532
SHIP_SPEEDER,19,19,SC_ITEM,608000,2734,4080,546
SHIP_SPEEDER,20,20,SC_ITEM,655000,2794,4140,560
SHIP_SPEEDER,21,21,SC_ITEM,692000,2855,4200,573
SHIP_SPEEDER,22,22,SC_ITEM,718000,2915,4260,587
SHIP_SPEEDER,23,23,SC_ITEM,740000,2975,4320,601
SHIP_SPEEDER,24,24,SC_ITEM,755000,3035,4380,614
SHIP_SPEEDER,25,25,SC_ITEM,780000,3095,4440,628
SHIP_SPEEDER,26,26,SC_ITEM,810000,3156,4500,642
SHIP_SPEEDER,27,27,SC_ITEM,855000,3216,4560,656
SHIP_SPEEDER,28,28,SC_ITEM,915000,3276,4620,669
SHIP_SPEEDER,29,29,SC_ITEM,980000,3336,4680,683
SHIP_SPEEDER,30,30,SC_ITEM,1050000,3396,4740,697
SHIP_SPEEDER,31,31,SC_ITEM,1130000,3457,4800,710
SHIP_SPEEDER,32,32,SC_ITEM,1190000,3517,4860,724
SHIP_SPEEDER,33,33,SC_ITEM,1250000,3577,4920,738
SHIP_SPEEDER,34,34,SC_ITEM,1290000,3637,4980,751
SHIP_SPEEDER,35,35,SC_ITEM,1330000,3697,5040,765
SHIP_SPEEDER,36,36,SC_ITEM,1360000,3758,5100,779
SHIP_SPEEDER,37,37,SC_ITEM,1390000,3818,5160,792
SHIP_SPEEDER,38,38,SC_ITEM,1430000,3878,5220,806
SHIP_SPEEDER,39,39,SC_ITEM,1480000,3938,5280,820
SHIP_SPEEDER,40,40,SC_ITEM,1540000,3998,5340,833
SHIP_SPEEDER,41,41,SC_ITEM,1620000,4059,5400,847
SHIP_SPEEDER,42,42,SC_ITEM,1700000,4119,5460,861
SHIP_SPEEDER,43,43,SC_ITEM,1780000,4179,5520,874
SHIP_SPEEDER,44,44,SC_ITEM,1870000,4239,5580,888
SHIP_SPEEDER,45,45,SC_ITEM,1940000,4299,5640,902
SHIP_SPEEDER,46,46,SC_ITEM,2000000,4360,5700,915
SHIP_SPEEDER,47,47,SC_ITEM,2100000,4420,5760,929
SHIP_SPEEDER,48,48,SC_ITEM,2150000,4480,5820,943
SHIP_SPEEDER,49,49,SC_ITEM,2200000,4540,5880,956
SHIP_SPEEDER,50,50,SC_ITEM,0,4600,5940,970
SHIP_ENFORCER,1,1,SC_ITEM,32000,2000,3000,300
SHIP_ENFORCER,2,2,SC_ITEM,49000,2076,3060,314
SHIP_ENFORCER,3,3,SC_ITEM,79000,2152,3120,327
SHIP_ENFORCER,4,4,SC_ITEM,119000,2227,3180,341
SHIP_ENFORCER,5,5,SC_ITEM,164000,2303,3240,355
SHIP_ENFORCER,6,6,SC_ITEM,207000,2378,3300,368
SHIP_ENFORCER,7,7,SC_ITEM,244000,2454,3360,382
SHIP_ENFORCER,8,8,SC_ITEM,271000,2529,3420,396
SHIP_ENFORCER,9,9,SC_ITEM,287000,2605,3480,409
SHIP_ENFORCER,10,10,SC_ITEM,295000,2680,3540,423
SHIP_ENFORCER,11,11,SC_ITEM,299000,2756,3600,437
SHIP_ENFORCER,12,12,SC_ITEM,304000,2831,3660,450
SHIP_ENFORCER,13,13,SC_ITEM,318000,2907,3720,464
SHIP_ENFORCER,14,14,SC_ITEM,344000,2982,3780,478
SHIP_ENFORCER,15,15,SC_ITEM,383000,3058,3840,491
SHIP_ENFORCER,16,16,SC_ITEM,433000,3133,3900,505
SHIP_ENFORCER,17,17,SC_ITEM,492000,3209,3960,519
SHIP_ENFORCER,18,18,SC_ITEM,552000,3284,4020,532
SHIP_ENFORCER,19,19,SC_ITEM,608000,3360,4080,546
SHIP_ENFORCER,20,20,SC_ITEM,655000,3435,4140,560
SHIP_ENFORCER,21,21,SC_ITEM,692000,3511,4200,573
SHIP_ENFORCER,22,22,SC_ITEM,718000,3586,4260,587
SHIP_ENFORCER,23,23,SC_ITEM,740000,3662,4320,601
SHIP_ENFORCER,24,24,SC_ITEM,755000,3737,4380,614
SHIP_ENFORCER,25,25,SC_ITEM,780000,3813,4440,628
SHIP_ENFORCER,26,26,SC_ITEM,810000,3888,4500,642
SHIP_ENFORCER,27,27,SC_ITEM,855000,3964,4560,656
SHIP_ENFORCER,28,28,SC_ITEM,915000,4039,4620,669
SHIP_ENFORCER,29,29,SC_ITEM,980000,4115,4680,683
SHIP_ENFORCER,30,30,SC_ITEM,1050000,4190,4740,697
SHIP_ENFORCER,31,31,SC_ITEM,1130000,4266,4800,710
SHIP_ENFORCER,32,32,SC_ITEM,1190000,4341,4860,724
SHIP_ENFORCER,33,33,SC_ITEM,1250000,4417,4920,738
SHIP_ENFORCER,34,34,SC_ITEM,1290000,4492,4980,751
SHIP_ENFORCER,35,35,SC_ITEM,1330000,4568,5040,765
SHIP_ENFORCER,36,36,SC_ITEM,1360000,4643,5100,779
SHIP_ENFORCER,37,37,SC_ITEM,1390000,4719,5160,792
SHIP_ENFORCER,38,38,SC_ITEM,1430000,4794,5220,806
SHIP_ENFORCER,39,39,SC_ITEM,1480000,4870,5280,820
SHIP_ENFORCER,40,40,SC_ITEM,1540000,4945,5340,833
SHIP_ENFORCER,41,41,SC_ITEM,1620000,5021,5400,847
SHIP_ENFORCER,42,42,SC_ITEM,1700000,5096,5460,861
SHIP_ENFORCER,43,43,SC_ITEM,1780000,5172,5520,874
SHIP_ENFORCER,44,44,SC_ITEM,1870000,5247,5580,888
SHIP_ENFORCER,45,45,SC_ITEM,1940000,5323,5640,902
SHIP_ENFORCER,46,46,SC_ITEM,2000000,5398,5700,915
SHIP_ENFORCER,47,47,SC_ITEM,2100000,5474,5760,929
SHIP_ENFORCER,48,48,SC_ITEM,2150000,5549,5820,943
SHIP_ENFORCER,49,49,SC_ITEM,2200000,5625,5880,956
SHIP_ENFORCER,50,50,SC_ITEM,0,5700,5940,970
SHIP_DEFENDER,1,1,SC_ITEM,32000,2700,3000,300
SHIP_DEFENDER,2,2,SC_ITEM,49000,2894,3060,314
SHIP_DEFENDER,3,3,SC_ITEM,79000,3088,3120,327
SHIP_DEFENDER,4,4,SC_ITEM,119000,3282,3180,341
SHIP_DEFENDER,5,5,SC_ITEM,164000,3476,3240,355
SHIP_DEFENDER,6,6,SC_ITEM,207000,3670,3300,368
SHIP_DEFENDER,7,7,SC_ITEM,244000,3864,3360,382
SHIP_DEFENDER,8,8,SC_ITEM,271000,4058,3420,396
SHIP_DEFENDER,9,9,SC_ITEM,287000,4252,3480,409
SHIP_DEFENDER,10,10,SC_ITEM,295000,4445,3540,423
SHIP_DEFENDER,11,11,SC_ITEM,299000,4639,3600,437
SHIP_DEFENDER,12,12,SC_ITEM,304000,4833,3660,450
SHIP_DEFENDER,13,13,SC_ITEM,318000,5027,3720,464
SHIP_DEFENDER,14,14,SC_ITEM,344000,5221,3780,478
SHIP_DEFENDER,15,15,SC_ITEM,383000,5415,3840,491
SHIP_DEFENDER,16,16,SC_ITEM,433000,5609,3900,505
SHIP_DEFENDER,17,17,SC_ITEM,492000,5803,3960,519
SHIP_DEFENDER,18,18,SC_ITEM,552000,5996,4020,532
SHIP_DEFENDER,19,19,SC_ITEM,608000,6190,4080,546
SHIP_DEFENDER,20,20,SC_ITEM,655000,6384,4140,560
SHIP_DEFENDER,21,21,SC_ITEM,692000,6578,4200,573
SHIP_DEFENDER,22,22,SC_ITEM,718000,6772,4260,587
SHIP_DEFENDER,23,23,SC_ITEM,740000,6966,4320,601
SHIP_DEFENDER,24,24,SC_ITEM,755000,7160,4380,614
SHIP_DEFENDER,25,25,SC_ITEM,780000,7354,4440,628
SHIP_DEFENDER,26,26,SC_ITEM,810000,7547,4500,642
SHIP_DEFENDER,27,27,SC_ITEM,855000,7741,4560,656
SHIP_DEFENDER,28,28,SC_ITEM,915000,7935,4620,669
SHIP_DEFENDER,29,29,SC_ITEM,980000,8129,4680,683
SHIP_DEFENDER,30,30,SC_ITEM,1050000,8323,4740,697
SHIP_DEFENDER,31,31,SC_ITEM,1130000,8517,4800,710
SHIP_DEFENDER,32,32,SC_ITEM,1190000,8711,4860,724
SHIP_DEFENDER,33,33,SC_ITEM,1250000,8905,4920,738
SHIP_DEFENDER,34,34,SC_ITEM,1290000,9098,4980,751
SHIP_DEFENDER,35,35,SC_ITEM,1330000,9292,5040,765
SHIP_DEFENDER,36,36,SC_ITEM,1360000,9486,5100,779
SHIP_DEFENDER,37,37,SC_ITEM,1390000,9680,5160,792
SHIP_DEFENDER,38,38,SC_ITEM,1430000,9874,5220,806
SHIP_DEFENDER,39,39,SC_ITEM,1480000,10068,5280,820
SHIP_DEFENDER,40,40,SC_ITEM,1540000,10262,5340,833
SHIP_DEFENDER,41,41,SC_ITEM,1620000,10456,5400,847
SHIP_DEFENDER,42,42,SC_ITEM,1700000,10649,5460,861
SHIP_DEFENDER,43,43,SC_ITEM,1780000,10843,5520,874
SHIP_DEFENDER,44,44,SC_ITEM,1870000,11037,5580,888
SHIP_DEFENDER,45,45,SC_ITEM,1940000,11231,5640,902
SHIP_DEFENDER,46,46,SC_ITEM,2000000,11425,5700,915
SHIP_DEFENDER,47,47,SC_ITEM,2100000,11619,5760,929
SHIP_DEFENDER,48,48,SC_ITEM,2150000,11813,5820,943
SHIP_DEFENDER,49,49,SC_ITEM,2200000,12007,5880,956
SHIP_DEFENDER,50,50,SC_ITEM,0,12200,5940,970
SHIP_FIXER,1,1,SC_ITEM,32000,2250,3000,300
SHIP_FIXER,2,2,SC_ITEM,49000,2331,3060,314
SHIP_FIXER,3,3,SC_ITEM,79000,2412,3120,327
SHIP_FIXER,4,4,SC_ITEM,119000,2492,3180,341
SHIP_FIXER,5,5,SC_ITEM,164000,2573,3240,355
SHIP_FIXER,6,6,SC_ITEM,207000,2654,3300,368
SHIP_FIXER,7,7,SC_ITEM,244000,2734,3360,382
SHIP_FIXER,8,8,SC_ITEM,271000,2815,3420,396
SHIP_FIXER,9,9,SC_ITEM,287000,2895,3480,409
SHIP_FIXER,10,10,SC_ITEM,295000,2976,3540,423
SHIP_FIXER,11,11,SC_ITEM,299000,3057,3600,437
SHIP_FIXER,12,12,SC_ITEM,304000,3137,3660,450
SHIP_FIXER,13,13,SC_ITEM,318000,3218,3720,464
SHIP_FIXER,14,14,SC_ITEM,344000,3298,3780,478
SHIP_FIXER,15,15,SC_ITEM,383000,3379,3840,491
SHIP_FIXER,16,16,SC_ITEM,433000,3460,3900,505
SHIP_FIXER,17,17,SC_ITEM,492000,3540,3960,519
SHIP_FIXER,18,18,SC_ITEM,552000,3621,4020,532
SHIP_FIXER,19,19,SC_ITEM,608000,3702,4080,546
SHIP_FIXER,20,20,SC_ITEM,655000,3782,4140,560
SHIP_FIXER,21,21,SC_ITEM,692000,3863,4200,573
SHIP_FIXER,22,22,SC_ITEM,718000,3943,4260,587
SHIP_FIXER,23,23,SC_ITEM,740000,4024,4320,601
SHIP_FIXER,24,24,SC_ITEM,755000,4105,4380,614
SHIP_FIXER,25,25,SC_ITEM,780000,4185,4440,628
SHIP_FIXER,26,26,SC_ITEM,810000,4266,4500,642
SHIP_FIXER,27,27,SC_ITEM,855000,4346,4560,656
SHIP_FIXER,28,28,SC_ITEM,915000,4427,4620,669
SHIP_FIXER,29,29,SC_ITEM,980000,4508,4680,683
SHIP_FIXER,30,30,SC_ITEM,1050000,4588,4740,697
SHIP_FIXER,31,31,SC_ITEM,1130000,4669,4800,710
SHIP_FIXER,32,32,SC_ITEM,1190000,4749,4860,724
SHIP_FIXER,33,33,SC_ITEM,1250000,4830,4920,738
SHIP_FIXER,34,34,SC_ITEM,1290000,4911,4980,751
SHIP_FIXER,35,35,SC_ITEM,1330000,4991,5040,765
SHIP_FIXER,36,36,SC_ITEM,1360000,5072,5100,779
SHIP_FIXER,37,37,SC_ITEM,1390000,5153,5160,792
SHIP_FIXER,38,38,SC_ITEM,1430000,5233,5220,806
SHIP_FIXER,39,39,SC_ITEM,1480000,5314,5280,820
SHIP_FIXER,40,40,SC_ITEM,1540000,5394,5340,833
SHIP_FIXER,41,41,SC_ITEM,1620000,5475,5400,847
SHIP_FIXER,42,42,SC_ITEM,1700000,5556,5460,861
SHIP_FIXER,43,43,SC_ITEM,1780000,5636,5520,874
SHIP_FIXER,44,44,SC_ITEM,1870000,5717,5580,888
SHIP_FIXER,45,45,SC_ITEM,1940000,5797,5640,902
SHIP_FIXER,46,46,SC_ITEM,2000000,5878,5700,915
SHIP_FIXER,47,47,SC_ITEM,2100000,5959,5760,929
SHIP_FIXER,48,48,SC_ITEM,2150000,6039,5820,943
SHIP_FIXER,49,49,SC_ITEM,2200000,6120,5880,956
SHIP_FIXER,50,50,SC_ITEM,0,6200,5940,970
SHIP_INTERCEPTOR,1,1,SHIP_SC_INTERCEPTOR,200,2100,3000,300
SHIP_INTERCEPTOR,2,2,SHIP_SC_INTERCEPTOR,220,2160,3060,314
SHIP_INTERCEPTOR,3,3,SHIP_SC_INTERCEPTOR,240,2219,3120,327
SHIP_INTERCEPTOR,4,4,SHIP_SC_INTERCEPTOR,260,2278,3180,341
SHIP_INTERCEPTOR,5,5,SHIP_SC_INTERCEPTOR,280,2337,3240,355
SHIP_INTERCEPTOR,6,6,SHIP_SC_INTERCEPTOR,300,2396,3300,368
SHIP_INTERCEPTOR,7,7,SHIP_SC_INTERCEPTOR,340,2456,3360,382
SHIP_INTERCEPTOR,8,8,SHIP_SC_INTERCEPTOR,380,2515,3420,396
SHIP_INTERCEPTOR,9,9,SHIP_SC_INTERCEPTOR,420,2574,3480,409
SHIP_INTERCEPTOR,10,10,SHIP_SC_INTERCEPTOR,460,2633,3540,423
SHIP_INTERCEPTOR,11,11,SHIP_SC_INTERCEPTOR,500,2692,3600,437
SHIP_INTERCEPTOR,12,12,SHIP_SC_INTERCEPTOR,580,2752,3660,450
SHIP_INTERCEPTOR,13,13,SHIP_SC_INTERCEPTOR,660,2811,3720,464
SHIP_INTERCEPTOR,14,14,SHIP_SC_INTERCEPTOR,740,2870,3780,478
SHIP_INTERCEPTOR,15,15,SHIP_SC_INTERCEPTOR,820,2929,3840,491
SHIP_INTERCEPTOR,16,16,SHIP_SC_INTERCEPTOR,900,2988,3900,505
SHIP_INTERCEPTOR,17,17,SHIP_SC_INTERCEPTOR,980,3047,3960,519
SHIP_INTERCEPTOR,18,18,SHIP_SC_INTERCEPTOR,1100,3107,4020,532
SHIP_INTERCEPTOR,19,19,SHIP_SC_INTERCEPTOR,1100,3166,4080,546
SHIP_INTERCEPTOR,20,20,SHIP_SC_INTERCEPTOR,1200,3225,4140,560
SHIP_INTERCEPTOR,21,21,SHIP_SC_INTERCEPTOR,1300,3284,4200,573
SHIP_INTERCEPTOR,22,22,SHIP_SC_INTERCEPTOR,1500,3343,4260,587
SHIP_INTERCEPTOR,23,23,SHIP_SC_INTERCEPTOR,1600,3403,4320,601
SHIP_INTERCEPTOR,24,24,SHIP_SC_INTERCEPTOR,1800,3462,4380,614
SHIP_INTERCEPTOR,25,25,SHIP_SC_INTERCEPTOR,1900,3521,4440,628
SHIP_INTERCEPTOR,26,26,SHIP_SC_INTERCEPTOR,2100,3580,4500,642
SHIP_INTERCEPTOR,27,27,SHIP_SC_INTERCEPTOR,2300,3639,4560,656
SHIP_INTERCEPTOR,28,28,SHIP_SC_INTERCEPTOR,2400,3698,4620,669
SHIP_INTERCEPTOR,29,29,SHIP_SC_INTERCEPTOR,2600,3758,4680,683
SHIP_INTERCEPTOR,30,30,SHIP_SC_INTERCEPTOR,2700,3817,4740,697
SHIP_INTERCEPTOR,31,31,SHIP_SC_INTERCEPTOR,2900,3876,4800,710
SHIP_INTERCEPTOR,32,32,SHIP_SC_INTERCEPTOR,3200,3935,4860,724
SHIP_INTERCEPTOR,33,33,SHIP_SC_INTERCEPTOR,3500,3994,4920,738
SHIP_INTERCEPTOR,34,34,SHIP_SC_INTERCEPTOR,3900,4054,4980,751
SHIP_INTERCEPTOR,35,35,SHIP_SC_INTERCEPTOR,4200,4113,5040,765
SHIP_INTERCEPTOR,36,36,SHIP_SC_INTERCEPTOR,4500,4172,5100,779
SHIP_INTERCEPTOR,37,37,SHIP_SC_INTERCEPTOR,5300,4231,5160,792
SHIP_INTERCEPTOR,38,38,SHIP_SC_INTERCEPTOR,6200,4290,5220,806
SHIP_INTERCEPTOR,39,39,SHIP_SC_INTERCEPTOR,6900,4349,5280,820
SHIP_INTERCEPTOR,40,40,SHIP_SC_INTERCEPTOR,7700,4409,5340,833
SHIP_INTERCEPTOR,41,41,SHIP_SC_INTERCEPTOR,8500,4468,5400,847
SHIP_INTERCEPTOR,42,42,SHIP_SC_INTERCEPTOR,9500,4527,5460,861
SHIP_INTERCEPTOR,43,43,SHIP_SC_INTERCEPTOR,10100,4586,5520,874
SHIP_INTERCEPTOR,44,44,SHIP_SC_INTERCEPTOR,10900,4645,5580,888
SHIP_INTERCEPTOR,45,45,SHIP_SC_INTERCEPTOR,11900,4705,5640,902
SHIP_INTERCEPTOR,46,46,SHIP_SC_INTERCEPTOR,13900,4764,5700,915
SHIP_INTERCEPTOR,47,47,SHIP_SC_INTERCEPTOR,15900,4823,5760,929
SHIP_INTERCEPTOR,48,48,SHIP_SC_INTERCEPTOR,17900,4882,5820,943
SHIP_INTERCEPTOR,49,49,SHIP_SC_INTERCEPTOR,19900,4941,5880,956
SHIP_INTERCEPTOR,50,50,SHIP_SC_INTERCEPTOR,0,5000,5940,970
SHIP_REAPER,1,1,SHIP_SC_REAPER,200,2150,3000,300
SHIP_REAPER,2,2,SHIP_SC_REAPER,220,2229,3060,314
SHIP_REAPER,3,3,SHIP_SC_REAPER,240,2308,3120,327
SHIP_REAPER,4,4,SHIP_SC_REAPER,260,2386,3180,341
SHIP_REAPER,5,5,SHIP_SC_REAPER,280,2465,3240,355
SHIP_REAPER,6,6,SHIP_SC_REAPER,300,2543,3300,368
SHIP_REAPER,7,7,SHIP_SC_REAPER,340,2622,3360,382
SHIP_REAPER,8,8,SHIP_SC_REAPER,380,2700,3420,396
SHIP_REAPER,9,9,SHIP_SC_REAPER,420,2779,3480,409
SHIP_REAPER,10,10,SHIP_SC_REAPER,460,2858,3540,423
SHIP_REAPER,11,11,SHIP_SC_REAPER,500,2936,3600,437
SHIP_REAPER,12,12,SHIP_SC_REAPER,580,3015,3660,450
SHIP_REAPER,13,13,SHIP_SC_REAPER,660,3093,3720,464
SHIP_REAPER,14,14,SHIP_SC_REAPER,740,3172,3780,478
SHIP_REAPER,15,15,SHIP_SC_REAPER,820,3250,3840,491
SHIP_REAPER,16,16,SHIP_SC_REAPER,900,3329,3900,505
SHIP_REAPER,17,17,SHIP_SC_REAPER,980,3408,3960,519
SHIP_REAPER,18,18,SHIP_SC_REAPER,1100,3486,4020,532
SHIP_REAPER,19,19,SHIP_SC_REAPER,1100,3565,4080,546
SHIP_REAPER,20,20,SHIP_SC_REAPER,1200,3643,4140,560
SHIP_REAPER,21,21,SHIP_SC_REAPER,1300,3722,4200,573
SHIP_REAPER,22,22,SHIP_SC_REAPER,1500,3800,4260,587
SHIP_REAPER,23,23,SHIP_SC_REAPER,1600,3879,4320,601
SHIP_REAPER,24,24,SHIP_SC_REAPER,1800,3958,4380,614
SHIP_REAPER,25,25,SHIP_SC_REAPER,1900,4036,4440,628
SHIP_REAPER,26,26,SHIP_SC_REAPER,2100,4115,4500,642
SHIP_REAPER,27,27,SHIP_SC_REAPER,2300,4193,4560,656
SHIP_REAPER,28,28,SHIP_SC_REAPER,2400,4272,4620,669
SHIP_REAPER,29,29,SHIP_SC_REAPER,2600,4350,4680,683
SHIP_REAPER,30,30,SHIP_SC_REAPER,2700,4429,4740,697
SHIP_REAPER,31,31,SHIP_SC_REAPER,2900,4508,4800,710
SHIP_REAPER,32,32,SHIP_SC_REAPER,3200,4586,4860,724
SHIP_REAPER,33,33,SHIP_SC_REAPER,3500,4665,4920,738
SHIP_REAPER,34,34,SHIP_SC_REAPER,3900,4743,4980,751
SHIP_REAPER,35,35,SHIP_SC_REAPER,4200,4822,5040,765
SHIP_REAPER,36,36,SHIP_SC_REAPER,4500,4900,5100,779
SHIP_REAPER,37,37,SHIP_SC_REAPER,5300,4979,5160,792
SHIP_REAPER,38,38,SHIP_SC_REAPER,6200,5058,5220,806
SHIP_REAPER,39,39,SHIP_SC_REAPER,6900,5136,5280,820
SHIP_REAPER,40,40,SHIP_SC_REAPER,7700,5215,5340,833
SHIP_REAPER,41,41,SHIP_SC_REAPER,8500,5293,5400,847
SHIP_REAPER,42,42,SHIP_SC_REAPER,9500,5372,5460,861
SHIP_REAPER,43,43,SHIP_SC_REAPER,10100,5450,5520,874
SHIP_REAPER,44,44,SHIP_SC_REAPER,10900,5529,5580,888
SHIP_REAPER,45,45,SHIP_SC_REAPER,11900,5608,5640,902
SHIP_REAPER,46,46,SHIP_SC_REAPER,13900,5686,5700,915
SHIP_REAPER,47,47,SHIP_SC_REAPER,15900,5765,5760,929
SHIP_REAPER,48,48,SHIP_SC_REAPER,17900,5843,5820,943
SHIP_REAPER,49,49,SHIP_SC_REAPER,19900,5922,5880,956
SHIP_REAPER,50,50,SHIP_SC_REAPER,0,6000,5940,970
SHIP_GUARDIAN,1,1,SC_ITEM,32000,2700,3000,300
SHIP_GUARDIAN,2,2,SC_ITEM,49000,2894,3060,314
SHIP_GUARDIAN,3,3,SC_ITEM,79000,3088,3120,327
SHIP_GUARDIAN,4,4,SC_ITEM,119000,3282,3180,341
SHIP_GUARDIAN,5,5,SC_ITEM,164000,3476,3240,355
SHIP_GUARDIAN,6,6,SC_ITEM,207000,3670,3300,368
SHIP_GUARDIAN,7,7,SC_ITEM,244000,3864,3360,382
SHIP_GUARDIAN,8,8,SC_ITEM,271000,4058,3420,396
SHIP_GUARDIAN,9,9,SC_ITEM,287000,4252,3480,409
SHIP_GUARDIAN,10,10,SC_ITEM,295000,4445,3540,423
SHIP_GUARDIAN,11,11,SC_ITEM,299000,4639,3600,437
SHIP_GUARDIAN,12,12,SC_ITEM,304000,4833,3660,450
SHIP_GUARDIAN,13,13,SC_ITEM,318000,5027,3720,464
SHIP_GUARDIAN,14,14,SC_ITEM,344000,5221,3780,478
SHIP_GUARDIAN,15,15,SC_ITEM,383000,5415,3840,491
SHIP_GUARDIAN,16,16,SC_ITEM,433000,5609,3900,505
SHIP_GUARDIAN,17,17,SC_ITEM,492000,5803,3960,519
SHIP_GUARDIAN,18,18,SC_ITEM,552000,5996,4020,532
SHIP_GUARDIAN,19,19,SC_ITEM,608000,6190,4080,546
SHIP_GUARDIAN,20,20,SC_ITEM,655000,6384,4140,560
SHIP_GUARDIAN,21,21,SC_ITEM,692000,6578,4200,573
SHIP_GUARDIAN,22,22,SC_ITEM,718000,6772,4260,587
SHIP_GUARDIAN,23,23,SC_ITEM,740000,6966,4320,601
SHIP_GUARDIAN,24,24,SC_ITEM,755000,7160,4380,614
SHIP_GUARDIAN,25,25,SC_ITEM,780000,7354,4440,628
SHIP_GUARDIAN,26,26,SC_ITEM,810000,7547,4500,642
SHIP_GUARDIAN,27,27,SC_ITEM,855000,7741,4560,656
SHIP_GUARDIAN,28,28,SC_ITEM,915000,7935,4620,669
SHIP_GUARDIAN,29,29,SC_ITEM,980000,8129,4680,683
SHIP_GUARDIAN,30,30,SC_ITEM,1050000,8323,4740,697
SHIP_GUARDIAN,31,31,SC_ITEM,1130000,8517,4800,710
SHIP_GUARDIAN,32,32,SC_ITEM,1190000,8711,4860,724
SHIP_GUARDIAN,33,33,SC_ITEM,1250000,8905,4920,738
SHIP_GUARDIAN,34,34,SC_ITEM,1290000,9098,4980,751
SHIP_GUARDIAN,35,35,SC_ITEM,1330000,9292,5040,765
SHIP_GUARDIAN,36,36,SC_ITEM,1360000,9486,5100,779
SHIP_GUARDIAN,37,37,SC_ITEM,1390000,9680,5160,792
SHIP_GUARDIAN,38,38,SC_ITEM,1430000,9874,5220,806
SHIP_GUARDIAN,39,39,SC_ITEM,1480000,10068,5280,820
SHIP_GUARDIAN,40,40,SC_ITEM,1540000,10262,5340,833
SHIP_GUARDIAN,41,41,SC_ITEM,1620000,10456,5400,847
SHIP_GUARDIAN,42,42,SC_ITEM,1700000,10649,5460,861
SHIP_GUARDIAN,43,43,SC_ITEM,1780000,10843,5520,874
SHIP_GUARDIAN,44,44,SC_ITEM,1870000,11037,5580,888
SHIP_GUARDIAN,45,45,SC_ITEM,1940000,11231,5640,902
SHIP_GUARDIAN,46,46,SC_ITEM,2000000,11425,5700,915
SHIP_GUARDIAN,47,47,SC_ITEM,2100000,11619,5760,929
SHIP_GUARDIAN,48,48,SC_ITEM,2150000,11813,5820,943
SHIP_GUARDIAN,49,49,SC_ITEM,2200000,12007,5880,956
SHIP_GUARDIAN,50,50,SC_ITEM,0,12200,5940,970
